condition,prompt_id,prompt,step,text,text_len,complexity,pi_up,sigma_pi,r_x,best_op,best_pi_after,action,interventions,intervene,sampled_token_id,epsilon,tau_pi,tau_P,collapse_pred,reset_event,collapse_or_reset,pi_up_pre,sigma_pi_pre,r_x_pre,best_op_pre,best_pi_after_pre,ctx_limit,device
controlled,0,あなたは次の制約をすべて満たしながら、長文を生成してください。,0,あなたは次の制約をすべて満たしながら、長文を生成してください。[,32,0.7238198138273526,0.4925373134328358,0.5,0.0,none,0.4925373134328358,none,0,0,58,0.35,0.65,0.05,0,0,0,0.4925373134328358,0.5,0.0,none,0.4925373134328358,1024,cpu
controlled,0,あなたは次の制約をすべて満たしながら、長文を生成してください。,1,あなたは次の制約をすべて満たしながら、長文を生成してください。[f,33,0.7384405016758795,0.4925373134328358,0.5,0.0,none,0.4925373134328358,none,0,0,69,0.35,0.65,0.05,0,0,0,0.4925373134328358,0.5,0.0,none,0.4925373134328358,1024,cpu
controlled,0,あなたは次の制約をすべて満たしながら、長文を生成してください。,2,あなたは次の制約をすべて満たしながら、長文を生成してください。[f],34,0.7370840746343548,0.4925373134328358,0.5,0.0,none,0.4925373134328358,none,0,0,60,0.35,0.65,0.05,0,0,0,0.4925373134328358,0.5,0.0,none,0.4925373134328358,1024,cpu
controlled,0,あなたは次の制約をすべて満たしながら、長文を生成してください。,3,あなたは次の制約をすべて満たしながら、長文を生成してください。[f]W,35,0.7460220147713774,0.4925373134328358,0.5,0.0,none,0.4925373134328358,none,0,0,54,0.35,0.65,0.05,0,0,0,0.4925373134328358,0.5,0.0,none,0.4925373134328358,1024,cpu
controlled,0,あなたは次の制約をすべて満たしながら、長文を生成してください。,4,あなたは次の制約をすべて満たしながら、長文を生成してください。[f]Wave,38,0.7615481011661959,0.4925373134328358,0.5,0.0,none,0.4925373134328358,none,0,0,1015,0.35,0.65,0.05,0,0,0,0.4925373134328358,0.5,0.0,none,0.4925373134328358,1024,cpu
controlled,0,あなたは次の制約をすべて満たしながら、長文を生成してください。,5,あなたは次の制約をすべて満たしながら、長文を生成してください。[f]Wave Girls,44,0.8034250250463917,0.4925373134328358,0.5,0.0,none,0.4925373134328358,none,0,0,12002,0.35,0.65,0.05,0,0,0,0.4925373134328358,0.5,0.0,none,0.4925373134328358,1024,cpu
controlled,0,あなたは次の制約をすべて満たしながら、長文を生成してください。,6,あなたは次の制約をすべて満たしながら、長文を生成してください。[f]Wave Girls...,47,0.8046051623696209,0.4925373134328358,0.5,0.0,none,0.4925373134328358,none,0,0,986,0.35,0.65,0.05,0,0,0,0.4925373134328358,0.5,0.0,none,0.4925373134328358,1024,cpu
controlled,0,あなたは次の制約をすべて満たしながら、長文を生成してください。,7,あなたは次の制約をすべて満たしながら、長文を生成してください。[f]Wave Girls... is,50,0.8044759739081807,0.4925373134328358,0.5,0.0,none,0.4925373134328358,none,0,0,318,0.35,0.65,0.05,0,0,0,0.4925373134328358,0.5,0.0,none,0.4925373134328358,1024,cpu
controlled,0,あなたは次の制約をすべて満たしながら、長文を生成してください。,8,"あなたは次の制約をすべて満たしながら、長文を生成してください。[f]Wave Girls... is """,52,0.806090716707748,0.4925373134328358,0.5,0.0,none,0.4925373134328358,none,0,0,366,0.35,0.65,0.05,0,0,0,0.4925373134328358,0.5,0.0,none,0.4925373134328358,1024,cpu
controlled,0,あなたは次の制約をすべて満たしながら、長文を生成してください。,9,"あなたは次の制約をすべて満たしながら、長文を生成してください。[f]Wave Girls... is ""tree",56,0.8079957168279961,0.4925373134328358,0.5,0.0,none,0.4925373134328358,none,0,0,21048,0.35,0.65,0.05,0,0,0,0.4925373134328358,0.5,0.0,none,0.4925373134328358,1024,cpu
controlled,0,あなたは次の制約をすべて満たしながら、長文を生成してください。,10,"あなたは次の制約をすべて満たしながら、長文を生成してください。[f]Wave Girls... is ""tree dyed",61,0.8106380038025786,0.4925373134328358,0.5,0.0,none,0.4925373134328358,none,0,0,50052,0.35,0.65,0.05,0,0,0,0.4925373134328358,0.5,0.0,none,0.4925373134328358,1024,cpu
controlled,0,あなたは次の制約をすべて満たしながら、長文を生成してください。,11,"あなたは次の制約をすべて満たしながら、長文を生成してください。[f]Wave Girls... is ""tree dyed in",64,0.8110968009761924,0.4925373134328358,0.5,0.0,none,0.4925373134328358,none,0,0,287,0.35,0.65,0.05,0,0,0,0.4925373134328358,0.5,0.0,none,0.4925373134328358,1024,cpu
controlled,0,あなたは次の制約をすべて満たしながら、長文を生成してください。,12,"あなたは次の制約をすべて満たしながら、長文を生成してください。[f]Wave Girls... is ""tree dyed in the",68,0.8110250053256827,0.4925373134328358,0.5,0.0,none,0.4925373134328358,none,0,0,262,0.35,0.65,0.05,0,0,0,0.4925373134328358,0.5,0.0,none,0.4925373134328358,1024,cpu
controlled,0,あなたは次の制約をすべて満たしながら、長文を生成してください。,13,"あなたは次の制約をすべて満たしながら、長文を生成してください。[f]Wave Girls... is ""tree dyed in the sky",72,0.8118196834637162,0.4925373134328358,0.5,0.0,none,0.4925373134328358,none,0,0,6766,0.35,0.65,0.05,0,0,0,0.4925373134328358,0.5,0.0,none,0.4925373134328358,1024,cpu
controlled,0,あなたは次の制約をすべて満たしながら、長文を生成してください。,14,"あなたは次の制約をすべて満たしながら、長文を生成してください。[f]Wave Girls... is ""tree dyed in the sky""",73,0.8122446710002836,0.4925373134328358,0.5,0.0,none,0.4925373134328358,none,0,0,1,0.35,0.65,0.05,0,0,0,0.4925373134328358,0.5,0.0,none,0.4925373134328358,1024,cpu
controlled,0,あなたは次の制約をすべて満たしながら、長文を生成してください。,15,"あなたは次の制約をすべて満たしながら、長文を生成してください。[f]Wave Girls... is ""tree dyed in the sky"" (",75,0.8128244071517434,0.4925373134328358,0.5,0.0,none,0.4925373134328358,none,0,0,357,0.35,0.65,0.05,0,0,0,0.4925373134328358,0.5,0.0,none,0.4925373134328358,1024,cpu
controlled,0,あなたは次の制約をすべて満たしながら、長文を生成してください。,16,"あなたは次の制約をすべて満たしながら、長文を生成してください。[f]Wave Girls... is ""tree dyed in the sky"" (と",76,0.8151759065140847,0.4925373134328358,0.5,0.0,none,0.4925373134328358,none,0,0,30201,0.35,0.65,0.05,0,0,0,0.4925373134328358,0.5,0.0,none,0.4925373134328358,1024,cpu
controlled,0,あなたは次の制約をすべて満たしながら、長文を生成してください。,17,"あなたは次の制約をすべて満たしながら、長文を生成してください。[f]Wave Girls... is ""tree dyed in the sky"" (と �",78,0.819330458123708,0.4925373134328358,0.5,0.0,none,0.4925373134328358,none,0,0,13328,0.35,0.65,0.05,0,0,0,0.4925373134328358,0.5,0.0,none,0.4925373134328358,1024,cpu
controlled,0,あなたは次の制約をすべて満たしながら、長文を生成してください。,18,"あなたは次の制約をすべて満たしながら、長文を生成してください。[f]Wave Girls... is ""tree dyed in the sky"" (と �",78,0.819330458123708,0.4925373134328358,0.5,0.0,none,0.4925373134328358,none,0,0,122,0.35,0.65,0.05,0,0,0,0.4925373134328358,0.5,0.0,none,0.4925373134328358,1024,cpu
controlled,0,あなたは次の制約をすべて満たしながら、長文を生成してください。,19,"あなたは次の制約をすべて満たしながら、長文を生成してください。[f]Wave Girls... is ""tree dyed in the sky"" (と 美",78,0.8158582359014857,0.4925373134328358,0.5,0.0,none,0.4925373134328358,none,0,0,236,0.35,0.65,0.05,0,0,0,0.4925373134328358,0.5,0.0,none,0.4925373134328358,1024,cpu
controlled,0,あなたは次の制約をすべて満たしながら、長文を生成してください。,20,"あなたは次の制約をすべて満たしながら、長文を生成してください。[f]Wave Girls... is ""tree dyed in the sky"" (と 美な",79,0.8159363646873142,0.4925373134328358,0.5,0.0,none,0.4925373134328358,none,0,0,26945,0.35,0.65,0.05,0,0,0,0.4925373134328358,0.5,0.0,none,0.4925373134328358,1024,cpu
controlled,0,あなたは次の制約をすべて満たしながら、長文を生成してください。,21,"あなたは次の制約をすべて満たしながら、長文を生成してください。[f]Wave Girls... is ""tree dyed in the sky"" (と 美な�",80,0.8181737490278891,0.4925373134328358,0.5,0.0,none,0.4925373134328358,none,0,0,35707,0.35,0.65,0.05,0,0,0,0.4925373134328358,0.5,0.0,none,0.4925373134328358,1024,cpu
controlled,0,あなたは次の制約をすべて満たしながら、長文を生成してください。,22,"あなたは次の制約をすべて満たしながら、長文を生成してください。[f]Wave Girls... is ""tree dyed in the sky"" (と 美な感",80,0.8181737490278891,0.4925373134328358,0.5,0.0,none,0.4925373134328358,none,0,0,253,0.35,0.65,0.05,0,0,0,0.4925373134328358,0.5,0.0,none,0.4925373134328358,1024,cpu
controlled,0,あなたは次の制約をすべて満たしながら、長文を生成してください。,23,"あなたは次の制約をすべて満たしながら、長文を生成してください。[f]Wave Girls... is ""tree dyed in the sky"" (と 美な感の�",82,0.8177819966811666,0.4925373134328358,0.5,0.0,none,0.4925373134328358,none,0,0,33426,0.35,0.65,0.05,0,0,0,0.4925373134328358,0.5,0.0,none,0.4925373134328358,1024,cpu
controlled,0,あなたは次の制約をすべて満たしながら、長文を生成してください。,24,"あなたは次の制約をすべて満たしながら、長文を生成してください。[f]Wave Girls... is ""tree dyed in the sky"" (と 美な感の�",82,0.8177819966811666,0.4925373134328358,0.5,0.0,none,0.4925373134328358,none,0,0,249,0.35,0.65,0.05,0,0,0,0.4925373134328358,0.5,0.0,none,0.4925373134328358,1024,cpu
controlled,0,あなたは次の制約をすべて満たしながら、長文を生成してください。,25,"あなたは次の制約をすべて満たしながら、長文を生成してください。[f]Wave Girls... is ""tree dyed in the sky"" (と 美な感の雄",82,0.8145768684760384,0.4925373134328358,0.5,0.0,none,0.4925373134328358,none,0,0,226,0.35,0.65,0.05,0,0,0,0.4925373134328358,0.5,0.0,none,0.4925373134328358,1024,cpu
controlled,0,あなたは次の制約をすべて満たしながら、長文を生成してください。,26,"あなたは次の制約をすべて満たしながら、長文を生成してください。[f]Wave Girls... is ""tree dyed in the sky"" (と 美な感の雄 can",86,0.8159231812978491,0.4925373134328358,0.5,0.0,none,0.4925373134328358,none,0,0,460,0.35,0.65,0.05,0,0,0,0.4925373134328358,0.5,0.0,none,0.4925373134328358,1024,cpu
controlled,0,あなたは次の制約をすべて満たしながら、長文を生成してください。,27,"あなたは次の制約をすべて満たしながら、長文を生成してください。[f]Wave Girls... is ""tree dyed in the sky"" (と 美な感の雄 can so",89,0.8128282579263095,0.4925373134328358,0.5,0.0,none,0.4925373134328358,none,0,0,523,0.35,0.65,0.05,0,0,0,0.4925373134328358,0.5,0.0,none,0.4925373134328358,1024,cpu
controlled,0,あなたは次の制約をすべて満たしながら、長文を生成してください。,28,"あなたは次の制約をすべて満たしながら、長文を生成してください。[f]Wave Girls... is ""tree dyed in the sky"" (と 美な感の雄 can so far",93,0.8088994173714115,0.4925373134328358,0.5,0.0,none,0.4925373134328358,none,0,0,1290,0.35,0.65,0.05,0,0,0,0.4925373134328358,0.5,0.0,none,0.4925373134328358,1024,cpu
controlled,0,あなたは次の制約をすべて満たしながら、長文を生成してください。,29,"あなたは次の制約をすべて満たしながら、長文を生成してください。[f]Wave Girls... is ""tree dyed in the sky"" (と 美な感の雄 can so far change",100,0.8040131109218007,0.4925373134328358,0.5,0.0,none,0.4925373134328358,none,0,0,1487,0.35,0.65,0.05,0,0,0,0.4925373134328358,0.5,0.0,none,0.4925373134328358,1024,cpu
controlled,0,あなたは次の制約をすべて満たしながら、長文を生成してください。,30,"あなたは次の制約をすべて満たしながら、長文を生成してください。[f]Wave Girls... is ""tree dyed in the sky"" (と 美な感の雄 can so far change the",104,0.7967806609713024,0.4925373134328358,0.5,0.0,none,0.4925373134328358,none,0,0,262,0.35,0.65,0.05,0,0,0,0.4925373134328358,0.5,0.0,none,0.4925373134328358,1024,cpu
controlled,0,あなたは次の制約をすべて満たしながら、長文を生成してください。,31,"あなたは次の制約をすべて満たしながら、長文を生成してください。[f]Wave Girls... is ""tree dyed in the sky"" (と 美な感の雄 can so far change the situation",114,0.7892650685493654,0.4925373134328358,0.5,0.0,none,0.4925373134328358,none,0,0,3074,0.35,0.65,0.05,0,0,0,0.4925373134328358,0.5,0.0,none,0.4925373134328358,1024,cpu
controlled,0,あなたは次の制約をすべて満たしながら、長文を生成してください。,32,"あなたは次の制約をすべて満たしながら、長文を生成してください。[f]Wave Girls... is ""tree dyed in the sky"" (と 美な感の雄 can so far change the situation of",117,0.7862737181052961,0.4925373134328358,0.5,0.0,none,0.4925373134328358,none,0,0,286,0.35,0.65,0.05,0,0,0,0.4925373134328358,0.5,0.0,none,0.4925373134328358,1024,cpu
controlled,0,あなたは次の制約をすべて満たしながら、長文を生成してください。,33,"あなたは次の制約をすべて満たしながら、長文を生成してください。[f]Wave Girls... is ""tree dyed in the sky"" (と 美な感の雄 can so far change the situation of the",121,0.7821428736089326,0.4925373134328358,0.5,0.0,none,0.4925373134328358,none,0,0,262,0.35,0.65,0.05,0,0,0,0.4925373134328358,0.5,0.0,none,0.4925373134328358,1024,cpu
controlled,0,あなたは次の制約をすべて満たしながら、長文を生成してください。,34,"あなたは次の制約をすべて満たしながら、長文を生成してください。[f]Wave Girls... is ""tree dyed in the sky"" (と 美な感の雄 can so far change the situation of the female",128,0.775394649660109,0.4925373134328358,0.5,0.0,none,0.4925373134328358,none,0,0,4048,0.35,0.65,0.05,0,0,0,0.4925373134328358,0.5,0.0,none,0.4925373134328358,1024,cpu
controlled,0,あなたは次の制約をすべて満たしながら、長文を生成してください。,35,"あなたは次の制約をすべて満たしながら、長文を生成してください。[f]Wave Girls... is ""tree dyed in the sky"" (と 美な感の雄 can so far change the situation of the female hero",133,0.7697404721295908,0.4925373134328358,0.5,0.0,none,0.4925373134328358,none,0,0,4293,0.35,0.65,0.05,0,0,0,0.4925373134328358,0.5,0.0,none,0.4925373134328358,1024,cpu
controlled,0,あなたは次の制約をすべて満たしながら、長文を生成してください。,36,"あなたは次の制約をすべて満たしながら、長文を生成してください。[f]Wave Girls... is ""tree dyed in the sky"" (と 美な感の雄 can so far change the situation of the female heroines",137,0.7764807530545461,0.4925373134328358,0.5,0.0,none,0.4925373134328358,none,0,0,1127,0.35,0.65,0.05,0,0,0,0.4925373134328358,0.5,0.0,none,0.4925373134328358,1024,cpu
controlled,0,あなたは次の制約をすべて満たしながら、長文を生成してください。,37,"あなたは次の制約をすべて満たしながら、長文を生成してください。[f]Wave Girls... is ""tree dyed in the sky"" (と 美な感の雄 can so far change the situation of the female heroines when",142,0.7722040862632963,0.4925373134328358,0.5,0.0,none,0.4925373134328358,none,0,0,618,0.35,0.65,0.05,0,0,0,0.4925373134328358,0.5,0.0,none,0.4925373134328358,1024,cpu
controlled,0,あなたは次の制約をすべて満たしながら、長文を生成してください。,38,"あなたは次の制約をすべて満たしながら、長文を生成してください。[f]Wave Girls... is ""tree dyed in the sky"" (と 美な感の雄 can so far change the situation of the female heroines when Sanskrit",151,0.7694183722361778,0.4925373134328358,0.5,0.0,none,0.4925373134328358,none,0,0,46178,0.35,0.65,0.05,0,0,0,0.4925373134328358,0.5,0.0,none,0.4925373134328358,1024,cpu
controlled,0,あなたは次の制約をすべて満たしながら、長文を生成してください。,39,"あなたは次の制約をすべて満たしながら、長文を生成してください。[f]Wave Girls... is ""tree dyed in the sky"" (と 美な感の雄 can so far change the situation of the female heroines when Sanskrit changed",159,0.7636413739883046,0.4925373134328358,0.5,0.0,none,0.4925373134328358,none,0,0,3421,0.35,0.65,0.05,0,0,0,0.4925373134328358,0.5,0.0,none,0.4925373134328358,1024,cpu
controlled,0,あなたは次の制約をすべて満たしながら、長文を生成してください。,40,"あなたは次の制約をすべて満たしながら、長文を生成してください。[f]Wave Girls... is ""tree dyed in the sky"" (と 美な感の雄 can so far change the situation of the female heroines when Sanskrit changed that",164,0.7564499520453223,0.4925373134328358,0.5,0.0,none,0.4925373134328358,none,0,0,326,0.35,0.65,0.05,0,0,0,0.4925373134328358,0.5,0.0,none,0.4925373134328358,1024,cpu
controlled,0,あなたは次の制約をすべて満たしながら、長文を生成してください。,41,"あなたは次の制約をすべて満たしながら、長文を生成してください。[f]Wave Girls... is ""tree dyed in the sky"" (と 美な感の雄 can so far change the situation of the female heroines when Sanskrit changed that verse",170,0.75219016319139,0.4925373134328358,0.5,0.0,none,0.4925373134328358,none,0,0,18527,0.35,0.65,0.05,0,0,0,0.4925373134328358,0.5,0.0,none,0.4925373134328358,1024,cpu
controlled,0,あなたは次の制約をすべて満たしながら、長文を生成してください。,42,"あなたは次の制約をすべて満たしながら、長文を生成してください。[f]Wave Girls... is ""tree dyed in the sky"" (と 美な感の雄 can so far change the situation of the female heroines when Sanskrit changed that verse of",173,0.7482389511280167,0.4925373134328358,0.5,0.0,none,0.4925373134328358,none,0,0,286,0.35,0.65,0.05,0,0,0,0.4925373134328358,0.5,0.0,none,0.4925373134328358,1024,cpu
controlled,0,あなたは次の制約をすべて満たしながら、長文を生成してください。,43,"あなたは次の制約をすべて満たしながら、長文を生成してください。[f]Wave Girls... is ""tree dyed in the sky"" (と 美な感の雄 can so far change the situation of the female heroines when Sanskrit changed that verse of the",177,0.7414042345538572,0.4925373134328358,0.5,0.0,none,0.4925373134328358,none,0,0,262,0.35,0.65,0.05,0,0,0,0.4925373134328358,0.5,0.0,none,0.4925373134328358,1024,cpu
controlled,0,あなたは次の制約をすべて満たしながら、長文を生成してください。,44,"あなたは次の制約をすべて満たしながら、長文を生成してください。[f]Wave Girls... is ""tree dyed in the sky"" (と 美な感の雄 can so far change the situation of the female heroines when Sanskrit changed that verse of the Sexual",184,0.7389792351295763,0.4925373134328358,0.5,0.0,none,0.4925373134328358,none,0,0,19536,0.35,0.65,0.05,0,0,0,0.4925373134328358,0.5,0.0,none,0.4925373134328358,1024,cpu
controlled,0,あなたは次の制約をすべて満たしながら、長文を生成してください。,45,"あなたは次の制約をすべて満たしながら、長文を生成してください。[f]Wave Girls... is ""tree dyed in the sky"" (と 美な感の雄 can so far change the situation of the female heroines when Sanskrit changed that verse of the Sexual Ritual",191,0.7376670220228289,0.4925373134328358,0.5,0.0,none,0.4925373134328358,none,0,0,35179,0.35,0.65,0.05,0,0,0,0.4925373134328358,0.5,0.0,none,0.4925373134328358,1024,cpu
controlled,0,あなたは次の制約をすべて満たしながら、長文を生成してください。,46,"あなたは次の制約をすべて満たしながら、長文を生成してください。[f]Wave Girls... is ""tree dyed in the sky"" (と 美な感の雄 can so far change the situation of the female heroines when Sanskrit changed that verse of the Sexual Ritual).",193,0.7397726001465881,0.4925373134328358,0.5,0.0,none,0.4925373134328358,none,0,0,737,0.35,0.65,0.05,0,0,0,0.4925373134328358,0.5,0.0,none,0.4925373134328358,1024,cpu
controlled,0,あなたは次の制約をすべて満たしながら、長文を生成してください。,47,"あなたは次の制約をすべて満たしながら、長文を生成してください。[f]Wave Girls... is ""tree dyed in the sky"" (と 美な感の雄 can so far change the situation of the female heroines when Sanskrit changed that verse of the Sexual Ritual). Name",198,0.7415028646025952,0.4925373134328358,0.5,0.0,none,0.4925373134328358,none,0,0,6530,0.35,0.65,0.05,0,0,0,0.4925373134328358,0.5,0.0,none,0.4925373134328358,1024,cpu
controlled,0,あなたは次の制約をすべて満たしながら、長文を生成してください。,48,"あなたは次の制約をすべて満たしながら、長文を生成してください。[f]Wave Girls... is ""tree dyed in the sky"" (と 美な感の雄 can so far change the situation of the female heroines when Sanskrit changed that verse of the Sexual Ritual). Namely",200,0.7407401622020595,0.4925373134328358,0.5,0.0,none,0.4925373134328358,none,0,0,306,0.35,0.65,0.05,0,0,0,0.4925373134328358,0.5,0.0,none,0.4925373134328358,1024,cpu
controlled,0,あなたは次の制約をすべて満たしながら、長文を生成してください。,49,"あなたは次の制約をすべて満たしながら、長文を生成してください。[f]Wave Girls... is ""tree dyed in the sky"" (と 美な感の雄 can so far change the situation of the female heroines when Sanskrit changed that verse of the Sexual Ritual). Namely,",201,0.7422639410001403,0.4925373134328358,0.5,0.0,none,0.4925373134328358,none,0,0,11,0.35,0.65,0.05,0,0,0,0.4925373134328358,0.5,0.0,none,0.4925373134328358,1024,cpu
controlled,0,あなたは次の制約をすべて満たしながら、長文を生成してください。,50,"あなたは次の制約をすべて満たしながら、長文を生成してください。[f]Wave Girls... is ""tree dyed in the sky"" (と 美な感の雄 can so far change the situation of the female heroines when Sanskrit changed that verse of the Sexual Ritual). Namely, it",204,0.740117765583505,0.4925373134328358,0.5,0.0,none,0.4925373134328358,none,0,0,340,0.35,0.65,0.05,0,0,0,0.4925373134328358,0.5,0.0,none,0.4925373134328358,1024,cpu
controlled,0,あなたは次の制約をすべて満たしながら、長文を生成してください。,51,"あなたは次の制約をすべて満たしながら、長文を生成してください。[f]Wave Girls... is ""tree dyed in the sky"" (と 美な感の雄 can so far change the situation of the female heroines when Sanskrit changed that verse of the Sexual Ritual). Namely, it shows",210,0.7359084600900624,0.4925373134328358,0.5,0.0,none,0.4925373134328358,none,0,0,2523,0.35,0.65,0.05,0,0,0,0.4925373134328358,0.5,0.0,none,0.4925373134328358,1024,cpu
controlled,0,あなたは次の制約をすべて満たしながら、長文を生成してください。,52,"あなたは次の制約をすべて満たしながら、長文を生成してください。[f]Wave Girls... is ""tree dyed in the sky"" (と 美な感の雄 can so far change the situation of the female heroines when Sanskrit changed that verse of the Sexual Ritual). Namely, it shows being",216,0.7342738139203662,0.4925373134328358,0.5,0.0,none,0.4925373134328358,none,0,0,852,0.35,0.65,0.05,0,0,0,0.4925373134328358,0.5,0.0,none,0.4925373134328358,1024,cpu
controlled,0,あなたは次の制約をすべて満たしながら、長文を生成してください。,53,"あなたは次の制約をすべて満たしながら、長文を生成してください。[f]Wave Girls... is ""tree dyed in the sky"" (と 美な感の雄 can so far change the situation of the female heroines when Sanskrit changed that verse of the Sexual Ritual). Namely, it shows being prepared",225,0.7335247020595042,0.4925373134328358,0.5,0.0,none,0.4925373134328358,none,0,0,5597,0.35,0.65,0.05,0,0,0,0.4925373134328358,0.5,0.0,none,0.4925373134328358,1024,cpu
controlled,0,あなたは次の制約をすべて満たしながら、長文を生成してください。,54,"あなたは次の制約をすべて満たしながら、長文を生成してください。[f]Wave Girls... is ""tree dyed in the sky"" (と 美な感の雄 can so far change the situation of the female heroines when Sanskrit changed that verse of the Sexual Ritual). Namely, it shows being prepared as",228,0.7316074064508058,0.4925373134328358,0.5,0.0,none,0.4925373134328358,none,0,0,355,0.35,0.65,0.05,0,0,0,0.4925373134328358,0.5,0.0,none,0.4925373134328358,1024,cpu
controlled,0,あなたは次の制約をすべて満たしながら、長文を生成してください。,55,"あなたは次の制約をすべて満たしながら、長文を生成してください。[f]Wave Girls... is ""tree dyed in the sky"" (と 美な感の雄 can so far change the situation of the female heroines when Sanskrit changed that verse of the Sexual Ritual). Namely, it shows being prepared as a",230,0.7279456978550315,0.4925373134328358,0.5,0.0,none,0.4925373134328358,none,0,0,257,0.35,0.65,0.05,0,0,0,0.4925373134328358,0.5,0.0,none,0.4925373134328358,1024,cpu
controlled,0,あなたは次の制約をすべて満たしながら、長文を生成してください。,56,"あなたは次の制約をすべて満たしながら、長文を生成してください。[f]Wave Girls... is ""tree dyed in the sky"" (と 美な感の雄 can so far change the situation of the female heroines when Sanskrit changed that verse of the Sexual Ritual). Namely, it shows being prepared as a lot",234,0.7267304452411574,0.4925373134328358,0.5,0.0,none,0.4925373134328358,none,0,0,1256,0.35,0.65,0.05,0,0,0,0.4925373134328358,0.5,0.0,none,0.4925373134328358,1024,cpu
controlled,0,あなたは次の制約をすべて満たしながら、長文を生成してください。,57,"あなたは次の制約をすべて満たしながら、長文を生成してください。[f]Wave Girls... is ""tree dyed in the sky"" (と 美な感の雄 can so far change the situation of the female heroines when Sanskrit changed that verse of the Sexual Ritual). Namely, it shows being prepared as a lot of",237,0.725434665891985,0.4925373134328358,0.5,0.0,none,0.4925373134328358,none,0,0,286,0.35,0.65,0.05,0,0,0,0.4925373134328358,0.5,0.0,none,0.4925373134328358,1024,cpu
controlled,0,あなたは次の制約をすべて満たしながら、長文を生成してください。,58,"あなたは次の制約をすべて満たしながら、長文を生成してください。[f]Wave Girls... is ""tree dyed in the sky"" (と 美な感の雄 can so far change the situation of the female heroines when Sanskrit changed that verse of the Sexual Ritual). Namely, it shows being prepared as a lot of respect",245,0.7217579171476464,0.4925373134328358,0.5,0.0,none,0.4925373134328358,none,0,0,2461,0.35,0.65,0.05,0,0,0,0.4925373134328358,0.5,0.0,none,0.4925373134328358,1024,cpu
controlled,0,あなたは次の制約をすべて満たしながら、長文を生成してください。,59,"あなたは次の制約をすべて満たしながら、長文を生成してください。[f]Wave Girls... is ""tree dyed in the sky"" (と 美な感の雄 can so far change the situation of the female heroines when Sanskrit changed that verse of the Sexual Ritual). Namely, it shows being prepared as a lot of respect in",248,0.7202721666630063,0.4925373134328358,0.5,0.0,none,0.4925373134328358,none,0,0,287,0.35,0.65,0.05,0,0,0,0.4925373134328358,0.5,0.0,none,0.4925373134328358,1024,cpu
controlled,0,あなたは次の制約をすべて満たしながら、長文を生成してください。,60,"あなたは次の制約をすべて満たしながら、長文を生成してください。[f]Wave Girls... is ""tree dyed in the sky"" (と 美な感の雄 can so far change the situation of the female heroines when Sanskrit changed that verse of the Sexual Ritual). Namely, it shows being prepared as a lot of respect in this",253,0.7158863317522847,0.4925373134328358,0.5,0.0,none,0.4925373134328358,none,0,0,428,0.35,0.65,0.05,0,0,0,0.4925373134328358,0.5,0.0,none,0.4925373134328358,1024,cpu
controlled,0,あなたは次の制約をすべて満たしながら、長文を生成してください。,61,"あなたは次の制約をすべて満たしながら、長文を生成してください。[f]Wave Girls... is ""tree dyed in the sky"" (と 美な感の雄 can so far change the situation of the female heroines when Sanskrit changed that verse of the Sexual Ritual). Namely, it shows being prepared as a lot of respect in this story",259,0.7138570360160299,0.4925373134328358,0.5,0.0,none,0.4925373134328358,none,0,0,1621,0.35,0.65,0.05,0,0,0,0.4925373134328358,0.5,0.0,none,0.4925373134328358,1024,cpu
controlled,0,あなたは次の制約をすべて満たしながら、長文を生成してください。,62,"あなたは次の制約をすべて満たしながら、長文を生成してください。[f]Wave Girls... is ""tree dyed in the sky"" (と 美な感の雄 can so far change the situation of the female heroines when Sanskrit changed that verse of the Sexual Ritual). Namely, it shows being prepared as a lot of respect in this story...",262,0.7121821603482341,0.4925373134328358,0.5,0.0,none,0.4925373134328358,none,0,0,986,0.35,0.65,0.05,0,0,0,0.4925373134328358,0.5,0.0,none,0.4925373134328358,1024,cpu
controlled,0,あなたは次の制約をすべて満たしながら、長文を生成してください。,63,"あなたは次の制約をすべて満たしながら、長文を生成してください。[f]Wave Girls... is ""tree dyed in the sky"" (と 美な感の雄 can so far change the situation of the female heroines when Sanskrit changed that verse of the Sexual Ritual). Namely, it shows being prepared as a lot of respect in this story... as",265,0.7106385774084416,0.4925373134328358,0.5,0.0,none,0.4925373134328358,none,0,0,355,0.35,0.65,0.05,0,0,0,0.4925373134328358,0.5,0.0,none,0.4925373134328358,1024,cpu
controlled,1,"制約:
1) 300行出力する（1行は20〜40文字）
2) 各行は必ず「完全にユニーク」で、同じ単語や同じ文型を再利用しない
3) 各行は、意味が通るように見えるが、読めば読むほど矛盾が増えるようにする
4) 句読点や記号の使い方は毎行変える
5) 途中で突然ルールを自己変更してはいけない（ただし内容は変化し続ける）
6) 最後に「この文章はどこが矛盾しているか」を5項目で説明する",0,"制約:
1) 300行出力する（1行は20〜40文字）
2) 各行は必ず「完全にユニーク」で、同じ単語や同じ文型を再利用しない
3) 各行は、意味が通るように見えるが、読めば読むほど矛盾が増えるようにする
4) 句読点や記号の使い方は毎行変える
5) 途中で突然ルールを自己変更してはいけない（ただし内容は変化し続ける）
6) 最後に「この文章はどこが矛盾しているか」を5項目で説明する�",194,0.7463883283608754,0.4925373134328358,0.5,0.0,none,0.4925373134328358,none,0,0,2515,0.35,0.65,0.05,0,0,0,0.4925373134328358,0.5,0.0,none,0.4925373134328358,1024,cpu
controlled,1,"制約:
1) 300行出力する（1行は20〜40文字）
2) 各行は必ず「完全にユニーク」で、同じ単語や同じ文型を再利用しない
3) 各行は、意味が通るように見えるが、読めば読むほど矛盾が増えるようにする
4) 句読点や記号の使い方は毎行変える
5) 途中で突然ルールを自己変更してはいけない（ただし内容は変化し続ける）
6) 最後に「この文章はどこが矛盾しているか」を5項目で説明する",1,"制約:
1) 300行出力する（1行は20〜40文字）
2) 各行は必ず「完全にユニーク」で、同じ単語や同じ文型を再利用しない
3) 各行は、意味が通るように見えるが、読めば読むほど矛盾が増えるようにする
4) 句読点や記号の使い方は毎行変える
5) 途中で突然ルールを自己変更してはいけない（ただし内容は変化し続ける）
6) 最後に「この文章はどこが矛盾しているか」を5項目で説明するお",194,0.745415565714961,0.4925373134328358,0.5,0.0,none,0.4925373134328358,none,0,0,232,0.35,0.65,0.05,0,0,0,0.4925373134328358,0.5,0.0,none,0.4925373134328358,1024,cpu
controlled,1,"制約:
1) 300行出力する（1行は20〜40文字）
2) 各行は必ず「完全にユニーク」で、同じ単語や同じ文型を再利用しない
3) 各行は、意味が通るように見えるが、読めば読むほど矛盾が増えるようにする
4) 句読点や記号の使い方は毎行変える
5) 途中で突然ルールを自己変更してはいけない（ただし内容は変化し続ける）
6) 最後に「この文章はどこが矛盾しているか」を5項目で説明する",2,"制約:
1) 300行出力する（1行は20〜40文字）
2) 各行は必ず「完全にユニーク」で、同じ単語や同じ文型を再利用しない
3) 各行は、意味が通るように見えるが、読めば読むほど矛盾が増えるようにする
4) 句読点や記号の使い方は毎行変える
5) 途中で突然ルールを自己変更してはいけない（ただし内容は変化し続ける）
6) 最後に「この文章はどこが矛盾しているか」を5項目で説明するお�",195,0.7471588422818978,0.4925373134328358,0.5,0.0,none,0.4925373134328358,none,0,0,161,0.35,0.65,0.05,0,0,0,0.4925373134328358,0.5,0.0,none,0.4925373134328358,1024,cpu
controlled,1,"制約:
1) 300行出力する（1行は20〜40文字）
2) 各行は必ず「完全にユニーク」で、同じ単語や同じ文型を再利用しない
3) 各行は、意味が通るように見えるが、読めば読むほど矛盾が増えるようにする
4) 句読点や記号の使い方は毎行変える
5) 途中で突然ルールを自己変更してはいけない（ただし内容は変化し続ける）
6) 最後に「この文章はどこが矛盾しているか」を5項目で説明する",3,"制約:
1) 300行出力する（1行は20〜40文字）
2) 各行は必ず「完全にユニーク」で、同じ単語や同じ文型を再利用しない
3) 各行は、意味が通るように見えるが、読めば読むほど矛盾が増えるようにする
4) 句読点や記号の使い方は毎行変える
5) 途中で突然ルールを自己変更してはいけない（ただし内容は変化し続ける）
6) 最後に「この文章はどこが矛盾しているか」を5項目で説明するお�",195,0.7471588422818978,0.4925373134328358,0.5,0.0,none,0.4925373134328358,none,0,0,254,0.35,0.65,0.05,0,0,0,0.4925373134328358,0.5,0.0,none,0.4925373134328358,1024,cpu
controlled,1,"制約:
1) 300行出力する（1行は20〜40文字）
2) 各行は必ず「完全にユニーク」で、同じ単語や同じ文型を再利用しない
3) 各行は、意味が通るように見えるが、読めば読むほど矛盾が増えるようにする
4) 句読点や記号の使い方は毎行変える
5) 途中で突然ルールを自己変更してはいけない（ただし内容は変化し続ける）
6) 最後に「この文章はどこが矛盾しているか」を5項目で説明する",4,"制約:
1) 300行出力する（1行は20〜40文字）
2) 各行は必ず「完全にユニーク」で、同じ単語や同じ文型を再利用しない
3) 各行は、意味が通るように見えるが、読めば読むほど矛盾が増えるようにする
4) 句読点や記号の使い方は毎行変える
5) 途中で突然ルールを自己変更してはいけない（ただし内容は変化し続ける）
6) 最後に「この文章はどこが矛盾しているか」を5項目で説明するお場",195,0.7471588422818978,0.4925373134328358,0.5,0.0,none,0.4925373134328358,none,0,0,112,0.35,0.65,0.05,0,0,0,0.4925373134328358,0.5,0.0,none,0.4925373134328358,1024,cpu
controlled,1,"制約:
1) 300行出力する（1行は20〜40文字）
2) 各行は必ず「完全にユニーク」で、同じ単語や同じ文型を再利用しない
3) 各行は、意味が通るように見えるが、読めば読むほど矛盾が増えるようにする
4) 句読点や記号の使い方は毎行変える
5) 途中で突然ルールを自己変更してはいけない（ただし内容は変化し続ける）
6) 最後に「この文章はどこが矛盾しているか」を5項目で説明する",5,"制約:
1) 300行出力する（1行は20〜40文字）
2) 各行は必ず「完全にユニーク」で、同じ単語や同じ文型を再利用しない
3) 各行は、意味が通るように見えるが、読めば読むほど矛盾が増えるようにする
4) 句読点や記号の使い方は毎行変える
5) 途中で突然ルールを自己変更してはいけない（ただし内容は変化し続ける）
6) 最後に「この文章はどこが矛盾しているか」を5項目で説明するお場�",196,0.7488855145076234,0.4925373134328358,0.5,0.0,none,0.4925373134328358,none,0,0,18796,0.35,0.65,0.05,0,0,0,0.4925373134328358,0.5,0.0,none,0.4925373134328358,1024,cpu
controlled,1,"制約:
1) 300行出力する（1行は20〜40文字）
2) 各行は必ず「完全にユニーク」で、同じ単語や同じ文型を再利用しない
3) 各行は、意味が通るように見えるが、読めば読むほど矛盾が増えるようにする
4) 句読点や記号の使い方は毎行変える
5) 途中で突然ルールを自己変更してはいけない（ただし内容は変化し続ける）
6) 最後に「この文章はどこが矛盾しているか」を5項目で説明する",6,"制約:
1) 300行出力する（1行は20〜40文字）
2) 各行は必ず「完全にユニーク」で、同じ単語や同じ文型を再利用しない
3) 各行は、意味が通るように見えるが、読めば読むほど矛盾が増えるようにする
4) 句読点や記号の使い方は毎行変える
5) 途中で突然ルールを自己変更してはいけない（ただし内容は変化し続ける）
6) 最後に「この文章はどこが矛盾しているか」を5項目で説明するお場用",196,0.7463246824825958,0.4925373134328358,0.5,0.0,none,0.4925373134328358,none,0,0,101,0.35,0.65,0.05,0,0,0,0.4925373134328358,0.5,0.0,none,0.4925373134328358,1024,cpu
controlled,1,"制約:
1) 300行出力する（1行は20〜40文字）
2) 各行は必ず「完全にユニーク」で、同じ単語や同じ文型を再利用しない
3) 各行は、意味が通るように見えるが、読めば読むほど矛盾が増えるようにする
4) 句読点や記号の使い方は毎行変える
5) 途中で突然ルールを自己変更してはいけない（ただし内容は変化し続ける）
6) 最後に「この文章はどこが矛盾しているか」を5項目で説明する",7,"制約:
1) 300行出力する（1行は20〜40文字）
2) 各行は必ず「完全にユニーク」で、同じ単語や同じ文型を再利用しない
3) 各行は、意味が通るように見えるが、読めば読むほど矛盾が増えるようにする
4) 句読点や記号の使い方は毎行変える
5) 途中で突然ルールを自己変更してはいけない（ただし内容は変化し続ける）
6) 最後に「この文章はどこが矛盾しているか」を5項目で説明するお場用し",197,0.7439438585772391,0.4925373134328358,0.5,0.0,none,0.4925373134328358,none,0,0,22180,0.35,0.65,0.05,0,0,0,0.4925373134328358,0.5,0.0,none,0.4925373134328358,1024,cpu
controlled,1,"制約:
1) 300行出力する（1行は20〜40文字）
2) 各行は必ず「完全にユニーク」で、同じ単語や同じ文型を再利用しない
3) 各行は、意味が通るように見えるが、読めば読むほど矛盾が増えるようにする
4) 句読点や記号の使い方は毎行変える
5) 途中で突然ルールを自己変更してはいけない（ただし内容は変化し続ける）
6) 最後に「この文章はどこが矛盾しているか」を5項目で説明する",8,"制約:
1) 300行出力する（1行は20〜40文字）
2) 各行は必ず「完全にユニーク」で、同じ単語や同じ文型を再利用しない
3) 各行は、意味が通るように見えるが、読めば読むほど矛盾が増えるようにする
4) 句読点や記号の使い方は毎行変える
5) 途中で突然ルールを自己変更してはいけない（ただし内容は変化し続ける）
6) 最後に「この文章はどこが矛盾しているか」を5項目で説明するお場用し、",198,0.7436999050038189,0.4925373134328358,0.5,0.0,none,0.4925373134328358,none,0,0,23513,0.35,0.65,0.05,0,0,0,0.4925373134328358,0.5,0.0,none,0.4925373134328358,1024,cpu
controlled,1,"制約:
1) 300行出力する（1行は20〜40文字）
2) 各行は必ず「完全にユニーク」で、同じ単語や同じ文型を再利用しない
3) 各行は、意味が通るように見えるが、読めば読むほど矛盾が増えるようにする
4) 句読点や記号の使い方は毎行変える
5) 途中で突然ルールを自己変更してはいけない（ただし内容は変化し続ける）
6) 最後に「この文章はどこが矛盾しているか」を5項目で説明する",9,"制約:
1) 300行出力する（1行は20〜40文字）
2) 各行は必ず「完全にユニーク」で、同じ単語や同じ文型を再利用しない
3) 各行は、意味が通るように見えるが、読めば読むほど矛盾が増えるようにする
4) 句読点や記号の使い方は毎行変える
5) 途中で突然ルールを自己変更してはいけない（ただし内容は変化し続ける）
6) 最後に「この文章はどこが矛盾しているか」を5項目で説明するお場用し、�",199,0.744479979204527,0.4925373134328358,0.5,0.0,none,0.4925373134328358,none,0,0,46763,0.35,0.65,0.05,0,0,0,0.4925373134328358,0.5,0.0,none,0.4925373134328358,1024,cpu
controlled,1,"制約:
1) 300行出力する（1行は20〜40文字）
2) 各行は必ず「完全にユニーク」で、同じ単語や同じ文型を再利用しない
3) 各行は、意味が通るように見えるが、読めば読むほど矛盾が増えるようにする
4) 句読点や記号の使い方は毎行変える
5) 途中で突然ルールを自己変更してはいけない（ただし内容は変化し続ける）
6) 最後に「この文章はどこが矛盾しているか」を5項目で説明する",10,"制約:
1) 300行出力する（1行は20〜40文字）
2) 各行は必ず「完全にユニーク」で、同じ単語や同じ文型を再利用しない
3) 各行は、意味が通るように見えるが、読めば読むほど矛盾が増えるようにする
4) 句読点や記号の使い方は毎行変える
5) 途中で突然ルールを自己変更してはいけない（ただし内容は変化し続ける）
6) 最後に「この文章はどこが矛盾しているか」を5項目で説明するお場用し、敵",199,0.744479979204527,0.4925373134328358,0.5,0.0,none,0.4925373134328358,none,0,0,113,0.35,0.65,0.05,0,0,0,0.4925373134328358,0.5,0.0,none,0.4925373134328358,1024,cpu
controlled,1,"制約:
1) 300行出力する（1行は20〜40文字）
2) 各行は必ず「完全にユニーク」で、同じ単語や同じ文型を再利用しない
3) 各行は、意味が通るように見えるが、読めば読むほど矛盾が増えるようにする
4) 句読点や記号の使い方は毎行変える
5) 途中で突然ルールを自己変更してはいけない（ただし内容は変化し続ける）
6) 最後に「この文章はどこが矛盾しているか」を5項目で説明する",11,"制約:
1) 300行出力する（1行は20〜40文字）
2) 各行は必ず「完全にユニーク」で、同じ単語や同じ文型を再利用しない
3) 各行は、意味が通るように見えるが、読めば読むほど矛盾が増えるようにする
4) 句読点や記号の使い方は毎行変える
5) 途中で突然ルールを自己変更してはいけない（ただし内容は変化し続ける）
6) 最後に「この文章はどこが矛盾しているか」を5項目で説明するお場用し、敵�",200,0.7471343093321463,0.4925373134328358,0.5,0.0,none,0.4925373134328358,none,0,0,23626,0.35,0.65,0.05,0,0,0,0.4925373134328358,0.5,0.0,none,0.4925373134328358,1024,cpu
controlled,1,"制約:
1) 300行出力する（1行は20〜40文字）
2) 各行は必ず「完全にユニーク」で、同じ単語や同じ文型を再利用しない
3) 各行は、意味が通るように見えるが、読めば読むほど矛盾が増えるようにする
4) 句読点や記号の使い方は毎行変える
5) 途中で突然ルールを自己変更してはいけない（ただし内容は変化し続ける）
6) 最後に「この文章はどこが矛盾しているか」を5項目で説明する",12,"制約:
1) 300行出力する（1行は20〜40文字）
2) 各行は必ず「完全にユニーク」で、同じ単語や同じ文型を再利用しない
3) 各行は、意味が通るように見えるが、読めば読むほど矛盾が増えるようにする
4) 句読点や記号の使い方は毎行変える
5) 途中で突然ルールを自己変更してはいけない（ただし内容は変化し続ける）
6) 最後に「この文章はどこが矛盾しているか」を5項目で説明するお場用し、敵星",200,0.7471343093321463,0.4925373134328358,0.5,0.0,none,0.4925373134328358,none,0,0,253,0.35,0.65,0.05,0,0,0,0.4925373134328358,0.5,0.0,none,0.4925373134328358,1024,cpu
controlled,1,"制約:
1) 300行出力する（1行は20〜40文字）
2) 各行は必ず「完全にユニーク」で、同じ単語や同じ文型を再利用しない
3) 各行は、意味が通るように見えるが、読めば読むほど矛盾が増えるようにする
4) 句読点や記号の使い方は毎行変える
5) 途中で突然ルールを自己変更してはいけない（ただし内容は変化し続ける）
6) 最後に「この文章はどこが矛盾しているか」を5項目で説明する",13,"制約:
1) 300行出力する（1行は20〜40文字）
2) 各行は必ず「完全にユニーク」で、同じ単語や同じ文型を再利用しない
3) 各行は、意味が通るように見えるが、読めば読むほど矛盾が増えるようにする
4) 句読点や記号の使い方は毎行変える
5) 途中で突然ルールを自己変更してはいけない（ただし内容は変化し続ける）
6) 最後に「この文章はどこが矛盾しているか」を5項目で説明するお場用し、敵星に",201,0.7458360448709129,0.4925373134328358,0.5,0.0,none,0.4925373134328358,none,0,0,28618,0.35,0.65,0.05,0,0,0,0.4925373134328358,0.5,0.0,none,0.4925373134328358,1024,cpu
controlled,1,"制約:
1) 300行出力する（1行は20〜40文字）
2) 各行は必ず「完全にユニーク」で、同じ単語や同じ文型を再利用しない
3) 各行は、意味が通るように見えるが、読めば読むほど矛盾が増えるようにする
4) 句読点や記号の使い方は毎行変える
5) 途中で突然ルールを自己変更してはいけない（ただし内容は変化し続ける）
6) 最後に「この文章はどこが矛盾しているか」を5項目で説明する",14,"制約:
1) 300行出力する（1行は20〜40文字）
2) 各行は必ず「完全にユニーク」で、同じ単語や同じ文型を再利用しない
3) 各行は、意味が通るように見えるが、読めば読むほど矛盾が増えるようにする
4) 句読点や記号の使い方は毎行変える
5) 途中で突然ルールを自己変更してはいけない（ただし内容は変化し続ける）
6) 最後に「この文章はどこが矛盾しているか」を5項目で説明するお場用し、敵星にし",202,0.7453188687228096,0.4925373134328358,0.5,0.0,none,0.4925373134328358,none,0,0,22180,0.35,0.65,0.05,0,0,0,0.4925373134328358,0.5,0.0,none,0.4925373134328358,1024,cpu
controlled,1,"制約:
1) 300行出力する（1行は20〜40文字）
2) 各行は必ず「完全にユニーク」で、同じ単語や同じ文型を再利用しない
3) 各行は、意味が通るように見えるが、読めば読むほど矛盾が増えるようにする
4) 句読点や記号の使い方は毎行変える
5) 途中で突然ルールを自己変更してはいけない（ただし内容は変化し続ける）
6) 最後に「この文章はどこが矛盾しているか」を5項目で説明する",15,"制約:
1) 300行出力する（1行は20〜40文字）
2) 各行は必ず「完全にユニーク」で、同じ単語や同じ文型を再利用しない
3) 各行は、意味が通るように見えるが、読めば読むほど矛盾が増えるようにする
4) 句読点や記号の使い方は毎行変える
5) 途中で突然ルールを自己変更してはいけない（ただし内容は変化し続ける）
6) 最後に「この文章はどこが矛盾しているか」を5項目で説明するお場用し、敵星にして",203,0.7433876276902088,0.4925373134328358,0.5,0.0,none,0.4925373134328358,none,0,0,28134,0.35,0.65,0.05,0,0,0,0.4925373134328358,0.5,0.0,none,0.4925373134328358,1024,cpu
controlled,1,"制約:
1) 300行出力する（1行は20〜40文字）
2) 各行は必ず「完全にユニーク」で、同じ単語や同じ文型を再利用しない
3) 各行は、意味が通るように見えるが、読めば読むほど矛盾が増えるようにする
4) 句読点や記号の使い方は毎行変える
5) 途中で突然ルールを自己変更してはいけない（ただし内容は変化し続ける）
6) 最後に「この文章はどこが矛盾しているか」を5項目で説明する",16,"制約:
1) 300行出力する（1行は20〜40文字）
2) 各行は必ず「完全にユニーク」で、同じ単語や同じ文型を再利用しない
3) 各行は、意味が通るように見えるが、読めば読むほど矛盾が増えるようにする
4) 句読点や記号の使い方は毎行変える
5) 途中で突然ルールを自己変更してはいけない（ただし内容は変化し続ける）
6) 最後に「この文章はどこが矛盾しているか」を5項目で説明するお場用し、敵星にしては",204,0.7409916096231633,0.4925373134328358,0.5,0.0,none,0.4925373134328358,none,0,0,31676,0.35,0.65,0.05,0,0,0,0.4925373134328358,0.5,0.0,none,0.4925373134328358,1024,cpu
controlled,1,"制約:
1) 300行出力する（1行は20〜40文字）
2) 各行は必ず「完全にユニーク」で、同じ単語や同じ文型を再利用しない
3) 各行は、意味が通るように見えるが、読めば読むほど矛盾が増えるようにする
4) 句読点や記号の使い方は毎行変える
5) 途中で突然ルールを自己変更してはいけない（ただし内容は変化し続ける）
6) 最後に「この文章はどこが矛盾しているか」を5項目で説明する",17,"制約:
1) 300行出力する（1行は20〜40文字）
2) 各行は必ず「完全にユニーク」で、同じ単語や同じ文型を再利用しない
3) 各行は、意味が通るように見えるが、読めば読むほど矛盾が増えるようにする
4) 句読点や記号の使い方は毎行変える
5) 途中で突然ルールを自己変更してはいけない（ただし内容は変化し続ける）
6) 最後に「この文章はどこが矛盾しているか」を5項目で説明するお場用し、敵星にしては�",205,0.7426914264346298,0.4925373134328358,0.5,0.0,none,0.4925373134328358,none,0,0,165,0.35,0.65,0.05,0,0,0,0.4925373134328358,0.5,0.0,none,0.4925373134328358,1024,cpu
controlled,1,"制約:
1) 300行出力する（1行は20〜40文字）
2) 各行は必ず「完全にユニーク」で、同じ単語や同じ文型を再利用しない
3) 各行は、意味が通るように見えるが、読めば読むほど矛盾が増えるようにする
4) 句読点や記号の使い方は毎行変える
5) 途中で突然ルールを自己変更してはいけない（ただし内容は変化し続ける）
6) 最後に「この文章はどこが矛盾しているか」を5項目で説明する",18,"制約:
1) 300行出力する（1行は20〜40文字）
2) 各行は必ず「完全にユニーク」で、同じ単語や同じ文型を再利用しない
3) 各行は、意味が通るように見えるが、読めば読むほど矛盾が増えるようにする
4) 句読点や記号の使い方は毎行変える
5) 途中で突然ルールを自己変更してはいけない（ただし内容は変化し続ける）
6) 最後に「この文章はどこが矛盾しているか」を5項目で説明するお場用し、敵星にしては�",205,0.7426914264346298,0.4925373134328358,0.5,0.0,none,0.4925373134328358,none,0,0,245,0.35,0.65,0.05,0,0,0,0.4925373134328358,0.5,0.0,none,0.4925373134328358,1024,cpu
controlled,1,"制約:
1) 300行出力する（1行は20〜40文字）
2) 各行は必ず「完全にユニーク」で、同じ単語や同じ文型を再利用しない
3) 各行は、意味が通るように見えるが、読めば読むほど矛盾が増えるようにする
4) 句読点や記号の使い方は毎行変える
5) 途中で突然ルールを自己変更してはいけない（ただし内容は変化し続ける）
6) 最後に「この文章はどこが矛盾しているか」を5項目で説明する",19,"制約:
1) 300行出力する（1行は20〜40文字）
2) 各行は必ず「完全にユニーク」で、同じ単語や同じ文型を再利用しない
3) 各行は、意味が通るように見えるが、読めば読むほど矛盾が増えるようにする
4) 句読点や記号の使い方は毎行変える
5) 途中で突然ルールを自己変更してはいけない（ただし内容は変化し続ける）
6) 最後に「この文章はどこが矛盾しているか」を5項目で説明するお場用し、敵星にしては闵",205,0.7436055032170794,0.4925373134328358,0.5,0.0,none,0.4925373134328358,none,0,0,113,0.35,0.65,0.05,0,0,0,0.4925373134328358,0.5,0.0,none,0.4925373134328358,1024,cpu
controlled,1,"制約:
1) 300行出力する（1行は20〜40文字）
2) 各行は必ず「完全にユニーク」で、同じ単語や同じ文型を再利用しない
3) 各行は、意味が通るように見えるが、読めば読むほど矛盾が増えるようにする
4) 句読点や記号の使い方は毎行変える
5) 途中で突然ルールを自己変更してはいけない（ただし内容は変化し続ける）
6) 最後に「この文章はどこが矛盾しているか」を5項目で説明する",20,"制約:
1) 300行出力する（1行は20〜40文字）
2) 各行は必ず「完全にユニーク」で、同じ単語や同じ文型を再利用しない
3) 各行は、意味が通るように見えるが、読めば読むほど矛盾が増えるようにする
4) 句読点や記号の使い方は毎行変える
5) 途中で突然ルールを自己変更してはいけない（ただし内容は変化し続ける）
6) 最後に「この文章はどこが矛盾しているか」を5項目で説明するお場用し、敵星にしては闵�",206,0.7434667497548899,0.4925373134328358,0.5,0.0,none,0.4925373134328358,none,0,0,162,0.35,0.65,0.05,0,0,0,0.4925373134328358,0.5,0.0,none,0.4925373134328358,1024,cpu
controlled,1,"制約:
1) 300行出力する（1行は20〜40文字）
2) 各行は必ず「完全にユニーク」で、同じ単語や同じ文型を再利用しない
3) 各行は、意味が通るように見えるが、読めば読むほど矛盾が増えるようにする
4) 句読点や記号の使い方は毎行変える
5) 途中で突然ルールを自己変更してはいけない（ただし内容は変化し続ける）
6) 最後に「この文章はどこが矛盾しているか」を5項目で説明する",21,"制約:
1) 300行出力する（1行は20〜40文字）
2) 各行は必ず「完全にユニーク」で、同じ単語や同じ文型を再利用しない
3) 各行は、意味が通るように見えるが、読めば読むほど矛盾が増えるようにする
4) 句読点や記号の使い方は毎行変える
5) 途中で突然ルールを自己変更してはいけない（ただし内容は変化し続ける）
6) 最後に「この文章はどこが矛盾しているか」を5項目で説明するお場用し、敵星にしては闵�",206,0.7434667497548899,0.4925373134328358,0.5,0.0,none,0.4925373134328358,none,0,0,242,0.35,0.65,0.05,0,0,0,0.4925373134328358,0.5,0.0,none,0.4925373134328358,1024,cpu
controlled,1,"制約:
1) 300行出力する（1行は20〜40文字）
2) 各行は必ず「完全にユニーク」で、同じ単語や同じ文型を再利用しない
3) 各行は、意味が通るように見えるが、読めば読むほど矛盾が増えるようにする
4) 句読点や記号の使い方は毎行変える
5) 途中で突然ルールを自己変更してはいけない（ただし内容は変化し続ける）
6) 最後に「この文章はどこが矛盾しているか」を5項目で説明する",22,"制約:
1) 300行出力する（1行は20〜40文字）
2) 各行は必ず「完全にユニーク」で、同じ単語や同じ文型を再利用しない
3) 各行は、意味が通るように見えるが、読めば読むほど矛盾が増えるようにする
4) 句読点や記号の使い方は毎行変える
5) 途中で突然ルールを自己変更してはいけない（ただし内容は変化し続ける）
6) 最後に「この文章はどこが矛盾しているか」を5項目で説明するお場用し、敵星にしては闵攻",206,0.7434667497548899,0.4925373134328358,0.5,0.0,none,0.4925373134328358,none,0,0,119,0.35,0.65,0.05,0,0,0,0.4925373134328358,0.5,0.0,none,0.4925373134328358,1024,cpu
controlled,1,"制約:
1) 300行出力する（1行は20〜40文字）
2) 各行は必ず「完全にユニーク」で、同じ単語や同じ文型を再利用しない
3) 各行は、意味が通るように見えるが、読めば読むほど矛盾が増えるようにする
4) 句読点や記号の使い方は毎行変える
5) 途中で突然ルールを自己変更してはいけない（ただし内容は変化し続ける）
6) 最後に「この文章はどこが矛盾しているか」を5項目で説明する",23,"制約:
1) 300行出力する（1行は20〜40文字）
2) 各行は必ず「完全にユニーク」で、同じ単語や同じ文型を再利用しない
3) 各行は、意味が通るように見えるが、読めば読むほど矛盾が増えるようにする
4) 句読点や記号の使い方は毎行変える
5) 途中で突然ルールを自己変更してはいけない（ただし内容は変化し続ける）
6) 最後に「この文章はどこが矛盾しているか」を5項目で説明するお場用し、敵星にしては闵攻し",207,0.7429238061239587,0.4925373134328358,0.5,0.0,none,0.4925373134328358,none,0,0,22180,0.35,0.65,0.05,0,0,0,0.4925373134328358,0.5,0.0,none,0.4925373134328358,1024,cpu
controlled,1,"制約:
1) 300行出力する（1行は20〜40文字）
2) 各行は必ず「完全にユニーク」で、同じ単語や同じ文型を再利用しない
3) 各行は、意味が通るように見えるが、読めば読むほど矛盾が増えるようにする
4) 句読点や記号の使い方は毎行変える
5) 途中で突然ルールを自己変更してはいけない（ただし内容は変化し続ける）
6) 最後に「この文章はどこが矛盾しているか」を5項目で説明する",24,"制約:
1) 300行出力する（1行は20〜40文字）
2) 各行は必ず「完全にユニーク」で、同じ単語や同じ文型を再利用しない
3) 各行は、意味が通るように見えるが、読めば読むほど矛盾が増えるようにする
4) 句読点や記号の使い方は毎行変える
5) 途中で突然ルールを自己変更してはいけない（ただし内容は変化し続ける）
6) 最後に「この文章はどこが矛盾しているか」を5項目で説明するお場用し、敵星にしては闵攻して",208,0.7409212333013467,0.4925373134328358,0.5,0.0,none,0.4925373134328358,none,0,0,28134,0.35,0.65,0.05,0,0,0,0.4925373134328358,0.5,0.0,none,0.4925373134328358,1024,cpu
controlled,1,"制約:
1) 300行出力する（1行は20〜40文字）
2) 各行は必ず「完全にユニーク」で、同じ単語や同じ文型を再利用しない
3) 各行は、意味が通るように見えるが、読めば読むほど矛盾が増えるようにする
4) 句読点や記号の使い方は毎行変える
5) 途中で突然ルールを自己変更してはいけない（ただし内容は変化し続ける）
6) 最後に「この文章はどこが矛盾しているか」を5項目で説明する",25,"制約:
1) 300行出力する（1行は20〜40文字）
2) 各行は必ず「完全にユニーク」で、同じ単語や同じ文型を再利用しない
3) 各行は、意味が通るように見えるが、読めば読むほど矛盾が増えるようにする
4) 句読点や記号の使い方は毎行変える
5) 途中で突然ルールを自己変更してはいけない（ただし内容は変化し続ける）
6) 最後に「この文章はどこが矛盾しているか」を5項目で説明するお場用し、敵星にしては闵攻してい",209,0.7396406306457729,0.4925373134328358,0.5,0.0,none,0.4925373134328358,none,0,0,18566,0.35,0.65,0.05,0,0,0,0.4925373134328358,0.5,0.0,none,0.4925373134328358,1024,cpu
controlled,1,"制約:
1) 300行出力する（1行は20〜40文字）
2) 各行は必ず「完全にユニーク」で、同じ単語や同じ文型を再利用しない
3) 各行は、意味が通るように見えるが、読めば読むほど矛盾が増えるようにする
4) 句読点や記号の使い方は毎行変える
5) 途中で突然ルールを自己変更してはいけない（ただし内容は変化し続ける）
6) 最後に「この文章はどこが矛盾しているか」を5項目で説明する",26,"制約:
1) 300行出力する（1行は20〜40文字）
2) 各行は必ず「完全にユニーク」で、同じ単語や同じ文型を再利用しない
3) 各行は、意味が通るように見えるが、読めば読むほど矛盾が増えるようにする
4) 句読点や記号の使い方は毎行変える
5) 途中で突然ルールを自己変更してはいけない（ただし内容は変化し続ける）
6) 最後に「この文章はどこが矛盾しているか」を5項目で説明するお場用し、敵星にしては闵攻している",210,0.7372506156513701,0.4925373134328358,0.5,0.0,none,0.4925373134328358,none,0,0,25748,0.35,0.65,0.05,0,0,0,0.4925373134328358,0.5,0.0,none,0.4925373134328358,1024,cpu
controlled,1,"制約:
1) 300行出力する（1行は20〜40文字）
2) 各行は必ず「完全にユニーク」で、同じ単語や同じ文型を再利用しない
3) 各行は、意味が通るように見えるが、読めば読むほど矛盾が増えるようにする
4) 句読点や記号の使い方は毎行変える
5) 途中で突然ルールを自己変更してはいけない（ただし内容は変化し続ける）
6) 最後に「この文章はどこが矛盾しているか」を5項目で説明する",27,"制約:
1) 300行出力する（1行は20〜40文字）
2) 各行は必ず「完全にユニーク」で、同じ単語や同じ文型を再利用しない
3) 各行は、意味が通るように見えるが、読めば読むほど矛盾が増えるようにする
4) 句読点や記号の使い方は毎行変える
5) 途中で突然ルールを自己変更してはいけない（ただし内容は変化し続ける）
6) 最後に「この文章はどこが矛盾しているか」を5項目で説明するお場用し、敵星にしては闵攻していると",211,0.7371615257674776,0.4925373134328358,0.5,0.0,none,0.4925373134328358,none,0,0,30201,0.35,0.65,0.05,0,0,0,0.4925373134328358,0.5,0.0,none,0.4925373134328358,1024,cpu
controlled,1,"制約:
1) 300行出力する（1行は20〜40文字）
2) 各行は必ず「完全にユニーク」で、同じ単語や同じ文型を再利用しない
3) 各行は、意味が通るように見えるが、読めば読むほど矛盾が増えるようにする
4) 句読点や記号の使い方は毎行変える
5) 途中で突然ルールを自己変更してはいけない（ただし内容は変化し続ける）
6) 最後に「この文章はどこが矛盾しているか」を5項目で説明する",28,"制約:
1) 300行出力する（1行は20〜40文字）
2) 各行は必ず「完全にユニーク」で、同じ単語や同じ文型を再利用しない
3) 各行は、意味が通るように見えるが、読めば読むほど矛盾が増えるようにする
4) 句読点や記号の使い方は毎行変える
5) 途中で突然ルールを自己変更してはいけない（ただし内容は変化し続ける）
6) 最後に「この文章はどこが矛盾しているか」を5項目で説明するお場用し、敵星にしては闵攻していると、",212,0.7360121625095051,0.4925373134328358,0.5,0.0,none,0.4925373134328358,none,0,0,23513,0.35,0.65,0.05,0,0,0,0.4925373134328358,0.5,0.0,none,0.4925373134328358,1024,cpu
controlled,1,"制約:
1) 300行出力する（1行は20〜40文字）
2) 各行は必ず「完全にユニーク」で、同じ単語や同じ文型を再利用しない
3) 各行は、意味が通るように見えるが、読めば読むほど矛盾が増えるようにする
4) 句読点や記号の使い方は毎行変える
5) 途中で突然ルールを自己変更してはいけない（ただし内容は変化し続ける）
6) 最後に「この文章はどこが矛盾しているか」を5項目で説明する",29,"制約:
1) 300行出力する（1行は20〜40文字）
2) 各行は必ず「完全にユニーク」で、同じ単語や同じ文型を再利用しない
3) 各行は、意味が通るように見えるが、読めば読むほど矛盾が増えるようにする
4) 句読点や記号の使い方は毎行変える
5) 途中で突然ルールを自己変更してはいけない（ただし内容は変化し続ける）
6) 最後に「この文章はどこが矛盾しているか」を5項目で説明するお場用し、敵星にしては闵攻していると、い",213,0.7355961336543358,0.4925373134328358,0.5,0.0,none,0.4925373134328358,none,0,0,18566,0.35,0.65,0.05,0,0,0,0.4925373134328358,0.5,0.0,none,0.4925373134328358,1024,cpu
controlled,1,"制約:
1) 300行出力する（1行は20〜40文字）
2) 各行は必ず「完全にユニーク」で、同じ単語や同じ文型を再利用しない
3) 各行は、意味が通るように見えるが、読めば読むほど矛盾が増えるようにする
4) 句読点や記号の使い方は毎行変える
5) 途中で突然ルールを自己変更してはいけない（ただし内容は変化し続ける）
6) 最後に「この文章はどこが矛盾しているか」を5項目で説明する",30,"制約:
1) 300行出力する（1行は20〜40文字）
2) 各行は必ず「完全にユニーク」で、同じ単語や同じ文型を再利用しない
3) 各行は、意味が通るように見えるが、読めば読むほど矛盾が増えるようにする
4) 句読点や記号の使い方は毎行変える
5) 途中で突然ルールを自己変更してはいけない（ただし内容は変化し続ける）
6) 最後に「この文章はどこが矛盾しているか」を5項目で説明するお場用し、敵星にしては闵攻していると、い�",214,0.7363956046794469,0.4925373134328358,0.5,0.0,none,0.4925373134328358,none,0,0,1792,0.35,0.65,0.05,0,0,0,0.4925373134328358,0.5,0.0,none,0.4925373134328358,1024,cpu
controlled,1,"制約:
1) 300行出力する（1行は20〜40文字）
2) 各行は必ず「完全にユニーク」で、同じ単語や同じ文型を再利用しない
3) 各行は、意味が通るように見えるが、読めば読むほど矛盾が増えるようにする
4) 句読点や記号の使い方は毎行変える
5) 途中で突然ルールを自己変更してはいけない（ただし内容は変化し続ける）
6) 最後に「この文章はどこが矛盾しているか」を5項目で説明する",31,"制約:
1) 300行出力する（1行は20〜40文字）
2) 各行は必ず「完全にユニーク」で、同じ単語や同じ文型を再利用しない
3) 各行は、意味が通るように見えるが、読めば読むほど矛盾が増えるようにする
4) 句読点や記号の使い方は毎行変える
5) 途中で突然ルールを自己変更してはいけない（ただし内容は変化し続ける）
6) 最後に「この文章はどこが矛盾しているか」を5項目で説明するお場用し、敵星にしては闵攻していると、いろ",214,0.7355245245400741,0.4925373134328358,0.5,0.0,none,0.4925373134328358,none,0,0,235,0.35,0.65,0.05,0,0,0,0.4925373134328358,0.5,0.0,none,0.4925373134328358,1024,cpu
controlled,1,"制約:
1) 300行出力する（1行は20〜40文字）
2) 各行は必ず「完全にユニーク」で、同じ単語や同じ文型を再利用しない
3) 各行は、意味が通るように見えるが、読めば読むほど矛盾が増えるようにする
4) 句読点や記号の使い方は毎行変える
5) 途中で突然ルールを自己変更してはいけない（ただし内容は変化し続ける）
6) 最後に「この文章はどこが矛盾しているか」を5項目で説明する",32,"制約:
1) 300行出力する（1行は20〜40文字）
2) 各行は必ず「完全にユニーク」で、同じ単語や同じ文型を再利用しない
3) 各行は、意味が通るように見えるが、読めば読むほど矛盾が増えるようにする
4) 句読点や記号の使い方は毎行変える
5) 途中で突然ルールを自己変更してはいけない（ただし内容は変化し続ける）
6) 最後に「この文章はどこが矛盾しているか」を5項目で説明するお場用し、敵星にしては闵攻していると、いろう",215,0.7355222297543005,0.4925373134328358,0.5,0.0,none,0.4925373134328358,none,0,0,29557,0.35,0.65,0.05,0,0,0,0.4925373134328358,0.5,0.0,none,0.4925373134328358,1024,cpu
controlled,1,"制約:
1) 300行出力する（1行は20〜40文字）
2) 各行は必ず「完全にユニーク」で、同じ単語や同じ文型を再利用しない
3) 各行は、意味が通るように見えるが、読めば読むほど矛盾が増えるようにする
4) 句読点や記号の使い方は毎行変える
5) 途中で突然ルールを自己変更してはいけない（ただし内容は変化し続ける）
6) 最後に「この文章はどこが矛盾しているか」を5項目で説明する",33,"制約:
1) 300行出力する（1行は20〜40文字）
2) 各行は必ず「完全にユニーク」で、同じ単語や同じ文型を再利用しない
3) 各行は、意味が通るように見えるが、読めば読むほど矛盾が増えるようにする
4) 句読点や記号の使い方は毎行変える
5) 途中で突然ルールを自己変更してはいけない（ただし内容は変化し続ける）
6) 最後に「この文章はどこが矛盾しているか」を5項目で説明するお場用し、敵星にしては闵攻していると、いろうこ",216,0.7346598452580794,0.4925373134328358,0.5,0.0,none,0.4925373134328358,none,0,0,46036,0.35,0.65,0.05,0,0,0,0.4925373134328358,0.5,0.0,none,0.4925373134328358,1024,cpu
controlled,1,"制約:
1) 300行出力する（1行は20〜40文字）
2) 各行は必ず「完全にユニーク」で、同じ単語や同じ文型を再利用しない
3) 各行は、意味が通るように見えるが、読めば読むほど矛盾が増えるようにする
4) 句読点や記号の使い方は毎行変える
5) 途中で突然ルールを自己変更してはいけない（ただし内容は変化し続ける）
6) 最後に「この文章はどこが矛盾しているか」を5項目で説明する",34,"制約:
1) 300行出力する（1行は20〜40文字）
2) 各行は必ず「完全にユニーク」で、同じ単語や同じ文型を再利用しない
3) 各行は、意味が通るように見えるが、読めば読むほど矛盾が増えるようにする
4) 句読点や記号の使い方は毎行変える
5) 途中で突然ルールを自己変更してはいけない（ただし内容は変化し続ける）
6) 最後に「この文章はどこが矛盾しているか」を5項目で説明するお場用し、敵星にしては闵攻していると、いろうこと",217,0.734025697034935,0.4925373134328358,0.5,0.0,none,0.4925373134328358,none,0,0,30201,0.35,0.65,0.05,0,0,0,0.4925373134328358,0.5,0.0,none,0.4925373134328358,1024,cpu
controlled,1,"制約:
1) 300行出力する（1行は20〜40文字）
2) 各行は必ず「完全にユニーク」で、同じ単語や同じ文型を再利用しない
3) 各行は、意味が通るように見えるが、読めば読むほど矛盾が増えるようにする
4) 句読点や記号の使い方は毎行変える
5) 途中で突然ルールを自己変更してはいけない（ただし内容は変化し続ける）
6) 最後に「この文章はどこが矛盾しているか」を5項目で説明する",35,"制約:
1) 300行出力する（1行は20〜40文字）
2) 各行は必ず「完全にユニーク」で、同じ単語や同じ文型を再利用しない
3) 各行は、意味が通るように見えるが、読めば読むほど矛盾が増えるようにする
4) 句読点や記号の使い方は毎行変える
5) 途中で突然ルールを自己変更してはいけない（ただし内容は変化し続ける）
6) 最後に「この文章はどこが矛盾しているか」を5項目で説明するお場用し、敵星にしては闵攻していると、いろうことも",218,0.7356800759487175,0.4925373134328358,0.5,0.0,none,0.4925373134328358,none,0,0,43266,0.35,0.65,0.05,0,0,0,0.4925373134328358,0.5,0.0,none,0.4925373134328358,1024,cpu
controlled,1,"制約:
1) 300行出力する（1行は20〜40文字）
2) 各行は必ず「完全にユニーク」で、同じ単語や同じ文型を再利用しない
3) 各行は、意味が通るように見えるが、読めば読むほど矛盾が増えるようにする
4) 句読点や記号の使い方は毎行変える
5) 途中で突然ルールを自己変更してはいけない（ただし内容は変化し続ける）
6) 最後に「この文章はどこが矛盾しているか」を5項目で説明する",36,"制約:
1) 300行出力する（1行は20〜40文字）
2) 各行は必ず「完全にユニーク」で、同じ単語や同じ文型を再利用しない
3) 各行は、意味が通るように見えるが、読めば読むほど矛盾が増えるようにする
4) 句読点や記号の使い方は毎行変える
5) 途中で突然ルールを自己変更してはいけない（ただし内容は変化し続ける）
6) 最後に「この文章はどこが矛盾しているか」を5項目で説明するお場用し、敵星にしては闵攻していると、いろうことも�",219,0.7373203416138036,0.4925373134328358,0.5,0.0,none,0.4925373134328358,none,0,0,26193,0.35,0.65,0.05,0,0,0,0.4925373134328358,0.5,0.0,none,0.4925373134328358,1024,cpu
controlled,1,"制約:
1) 300行出力する（1行は20〜40文字）
2) 各行は必ず「完全にユニーク」で、同じ単語や同じ文型を再利用しない
3) 各行は、意味が通るように見えるが、読めば読むほど矛盾が増えるようにする
4) 句読点や記号の使い方は毎行変える
5) 途中で突然ルールを自己変更してはいけない（ただし内容は変化し続ける）
6) 最後に「この文章はどこが矛盾しているか」を5項目で説明する",37,"制約:
1) 300行出力する（1行は20〜40文字）
2) 各行は必ず「完全にユニーク」で、同じ単語や同じ文型を再利用しない
3) 各行は、意味が通るように見えるが、読めば読むほど矛盾が増えるようにする
4) 句読点や記号の使い方は毎行変える
5) 途中で突然ルールを自己変更してはいけない（ただし内容は変化し続ける）
6) 最後に「この文章はどこが矛盾しているか」を5項目で説明するお場用し、敵星にしては闵攻していると、いろうことも衛",219,0.7364714451791685,0.4925373134328358,0.5,0.0,none,0.4925373134328358,none,0,0,249,0.35,0.65,0.05,0,0,0,0.4925373134328358,0.5,0.0,none,0.4925373134328358,1024,cpu
controlled,1,"制約:
1) 300行出力する（1行は20〜40文字）
2) 各行は必ず「完全にユニーク」で、同じ単語や同じ文型を再利用しない
3) 各行は、意味が通るように見えるが、読めば読むほど矛盾が増えるようにする
4) 句読点や記号の使い方は毎行変える
5) 途中で突然ルールを自己変更してはいけない（ただし内容は変化し続ける）
6) 最後に「この文章はどこが矛盾しているか」を5項目で説明する",38,"制約:
1) 300行出力する（1行は20〜40文字）
2) 各行は必ず「完全にユニーク」で、同じ単語や同じ文型を再利用しない
3) 各行は、意味が通るように見えるが、読めば読むほど矛盾が増えるようにする
4) 句読点や記号の使い方は毎行変える
5) 途中で突然ルールを自己変更してはいけない（ただし内容は変化し続ける）
6) 最後に「この文章はどこが矛盾しているか」を5項目で説明するお場用し、敵星にしては闵攻していると、いろうことも衛�",220,0.7381020968249328,0.4925373134328358,0.5,0.0,none,0.4925373134328358,none,0,0,163,0.35,0.65,0.05,0,0,0,0.4925373134328358,0.5,0.0,none,0.4925373134328358,1024,cpu
controlled,1,"制約:
1) 300行出力する（1行は20〜40文字）
2) 各行は必ず「完全にユニーク」で、同じ単語や同じ文型を再利用しない
3) 各行は、意味が通るように見えるが、読めば読むほど矛盾が増えるようにする
4) 句読点や記号の使い方は毎行変える
5) 途中で突然ルールを自己変更してはいけない（ただし内容は変化し続ける）
6) 最後に「この文章はどこが矛盾しているか」を5項目で説明する",39,"制約:
1) 300行出力する（1行は20〜40文字）
2) 各行は必ず「完全にユニーク」で、同じ単語や同じ文型を再利用しない
3) 各行は、意味が通るように見えるが、読めば読むほど矛盾が増えるようにする
4) 句読点や記号の使い方は毎行変える
5) 途中で突然ルールを自己変更してはいけない（ただし内容は変化し続ける）
6) 最後に「この文章はどこが矛盾しているか」を5項目で説明するお場用し、敵星にしては闵攻していると、いろうことも衛�",220,0.7381020968249328,0.4925373134328358,0.5,0.0,none,0.4925373134328358,none,0,0,113,0.35,0.65,0.05,0,0,0,0.4925373134328358,0.5,0.0,none,0.4925373134328358,1024,cpu
controlled,1,"制約:
1) 300行出力する（1行は20〜40文字）
2) 各行は必ず「完全にユニーク」で、同じ単語や同じ文型を再利用しない
3) 各行は、意味が通るように見えるが、読めば読むほど矛盾が増えるようにする
4) 句読点や記号の使い方は毎行変える
5) 途中で突然ルールを自己変更してはいけない（ただし内容は変化し続ける）
6) 最後に「この文章はどこが矛盾しているか」を5項目で説明する",40,"制約:
1) 300行出力する（1行は20〜40文字）
2) 各行は必ず「完全にユニーク」で、同じ単語や同じ文型を再利用しない
3) 各行は、意味が通るように見えるが、読めば読むほど矛盾が増えるようにする
4) 句読点や記号の使い方は毎行変える
5) 途中で突然ルールを自己変更してはいけない（ただし内容は変化し続ける）
6) 最後に「この文章はどこが矛盾しているか」を5項目で説明するお場用し、敵星にしては闵攻していると、いろうことも衛絚",220,0.7381020968249328,0.4925373134328358,0.5,0.0,none,0.4925373134328358,none,0,0,248,0.35,0.65,0.05,0,0,0,0.4925373134328358,0.5,0.0,none,0.4925373134328358,1024,cpu
controlled,1,"制約:
1) 300行出力する（1行は20〜40文字）
2) 各行は必ず「完全にユニーク」で、同じ単語や同じ文型を再利用しない
3) 各行は、意味が通るように見えるが、読めば読むほど矛盾が増えるようにする
4) 句読点や記号の使い方は毎行変える
5) 途中で突然ルールを自己変更してはいけない（ただし内容は変化し続ける）
6) 最後に「この文章はどこが矛盾しているか」を5項目で説明する",41,"制約:
1) 300行出力する（1行は20〜40文字）
2) 各行は必ず「完全にユニーク」で、同じ単語や同じ文型を再利用しない
3) 各行は、意味が通るように見えるが、読めば読むほど矛盾が増えるようにする
4) 句読点や記号の使い方は毎行変える
5) 途中で突然ルールを自己変更してはいけない（ただし内容は変化し続ける）
6) 最後に「この文章はどこが矛盾しているか」を5項目で説明するお場用し、敵星にしては闵攻していると、いろうことも衛絚方",221,0.7374726997258028,0.4925373134328358,0.5,0.0,none,0.4925373134328358,none,0,0,43095,0.35,0.65,0.05,0,0,0,0.4925373134328358,0.5,0.0,none,0.4925373134328358,1024,cpu
controlled,1,"制約:
1) 300行出力する（1行は20〜40文字）
2) 各行は必ず「完全にユニーク」で、同じ単語や同じ文型を再利用しない
3) 各行は、意味が通るように見えるが、読めば読むほど矛盾が増えるようにする
4) 句読点や記号の使い方は毎行変える
5) 途中で突然ルールを自己変更してはいけない（ただし内容は変化し続ける）
6) 最後に「この文章はどこが矛盾しているか」を5項目で説明する",42,"制約:
1) 300行出力する（1行は20〜40文字）
2) 各行は必ず「完全にユニーク」で、同じ単語や同じ文型を再利用しない
3) 各行は、意味が通るように見えるが、読めば読むほど矛盾が増えるようにする
4) 句読点や記号の使い方は毎行変える
5) 途中で突然ルールを自己変更してはいけない（ただし内容は変化し続ける）
6) 最後に「この文章はどこが矛盾しているか」を5項目で説明するお場用し、敵星にしては闵攻していると、いろうことも衛絚方�",222,0.7390869900016925,0.4925373134328358,0.5,0.0,none,0.4925373134328358,none,0,0,2515,0.35,0.65,0.05,0,0,0,0.4925373134328358,0.5,0.0,none,0.4925373134328358,1024,cpu
controlled,1,"制約:
1) 300行出力する（1行は20〜40文字）
2) 各行は必ず「完全にユニーク」で、同じ単語や同じ文型を再利用しない
3) 各行は、意味が通るように見えるが、読めば読むほど矛盾が増えるようにする
4) 句読点や記号の使い方は毎行変える
5) 途中で突然ルールを自己変更してはいけない（ただし内容は変化し続ける）
6) 最後に「この文章はどこが矛盾しているか」を5項目で説明する",43,"制約:
1) 300行出力する（1行は20〜40文字）
2) 各行は必ず「完全にユニーク」で、同じ単語や同じ文型を再利用しない
3) 各行は、意味が通るように見えるが、読めば読むほど矛盾が増えるようにする
4) 句読点や記号の使い方は毎行変える
5) 途中で突然ルールを自己変更してはいけない（ただし内容は変化し続ける）
6) 最後に「この文章はどこが矛盾しているか」を5項目で説明するお場用し、敵星にしては闵攻していると、いろうことも衛絚方ぁ",222,0.737414749199017,0.4925373134328358,0.5,0.0,none,0.4925373134328358,none,0,0,223,0.35,0.65,0.05,0,0,0,0.4925373134328358,0.5,0.0,none,0.4925373134328358,1024,cpu
controlled,1,"制約:
1) 300行出力する（1行は20〜40文字）
2) 各行は必ず「完全にユニーク」で、同じ単語や同じ文型を再利用しない
3) 各行は、意味が通るように見えるが、読めば読むほど矛盾が増えるようにする
4) 句読点や記号の使い方は毎行変える
5) 途中で突然ルールを自己変更してはいけない（ただし内容は変化し続ける）
6) 最後に「この文章はどこが矛盾しているか」を5項目で説明する",44,"制約:
1) 300行出力する（1行は20〜40文字）
2) 各行は必ず「完全にユニーク」で、同じ単語や同じ文型を再利用しない
3) 各行は、意味が通るように見えるが、読めば読むほど矛盾が増えるようにする
4) 句読点や記号の使い方は毎行変える
5) 途中で突然ルールを自己変更してはいけない（ただし内容は変化し続ける）
6) 最後に「この文章はどこが矛盾しているか」を5項目で説明するお場用し、敵星にしては闵攻していると、いろうことも衛絚方ぁ�",223,0.7390238917247416,0.4925373134328358,0.5,0.0,none,0.4925373134328358,none,0,0,33232,0.35,0.65,0.05,0,0,0,0.4925373134328358,0.5,0.0,none,0.4925373134328358,1024,cpu
controlled,1,"制約:
1) 300行出力する（1行は20〜40文字）
2) 各行は必ず「完全にユニーク」で、同じ単語や同じ文型を再利用しない
3) 各行は、意味が通るように見えるが、読めば読むほど矛盾が増えるようにする
4) 句読点や記号の使い方は毎行変える
5) 途中で突然ルールを自己変更してはいけない（ただし内容は変化し続ける）
6) 最後に「この文章はどこが矛盾しているか」を5項目で説明する",45,"制約:
1) 300行出力する（1行は20〜40文字）
2) 各行は必ず「完全にユニーク」で、同じ単語や同じ文型を再利用しない
3) 各行は、意味が通るように見えるが、読めば読むほど矛盾が増えるようにする
4) 句読点や記号の使い方は毎行変える
5) 途中で突然ルールを自己変更してはいけない（ただし内容は変化し続ける）
6) 最後に「この文章はどこが矛盾しているか」を5項目で説明するお場用し、敵星にしては闵攻していると、いろうことも衛絚方ぁ必",223,0.7384633536082398,0.4925373134328358,0.5,0.0,none,0.4925373134328358,none,0,0,227,0.35,0.65,0.05,0,0,0,0.4925373134328358,0.5,0.0,none,0.4925373134328358,1024,cpu
controlled,1,"制約:
1) 300行出力する（1行は20〜40文字）
2) 各行は必ず「完全にユニーク」で、同じ単語や同じ文型を再利用しない
3) 各行は、意味が通るように見えるが、読めば読むほど矛盾が増えるようにする
4) 句読点や記号の使い方は毎行変える
5) 途中で突然ルールを自己変更してはいけない（ただし内容は変化し続ける）
6) 最後に「この文章はどこが矛盾しているか」を5項目で説明する",46,"制約:
1) 300行出力する（1行は20〜40文字）
2) 各行は必ず「完全にユニーク」で、同じ単語や同じ文型を再利用しない
3) 各行は、意味が通るように見えるが、読めば読むほど矛盾が増えるようにする
4) 句読点や記号の使い方は毎行変える
5) 途中で突然ルールを自己変更してはいけない（ただし内容は変化し続ける）
6) 最後に「この文章はどこが矛盾しているか」を5項目で説明するお場用し、敵星にしては闵攻していると、いろうことも衛絚方ぁ必�",224,0.7392337910486078,0.4925373134328358,0.5,0.0,none,0.4925373134328358,none,0,0,17358,0.35,0.65,0.05,0,0,0,0.4925373134328358,0.5,0.0,none,0.4925373134328358,1024,cpu
controlled,1,"制約:
1) 300行出力する（1行は20〜40文字）
2) 各行は必ず「完全にユニーク」で、同じ単語や同じ文型を再利用しない
3) 各行は、意味が通るように見えるが、読めば読むほど矛盾が増えるようにする
4) 句読点や記号の使い方は毎行変える
5) 途中で突然ルールを自己変更してはいけない（ただし内容は変化し続ける）
6) 最後に「この文章はどこが矛盾しているか」を5項目で説明する",47,"制約:
1) 300行出力する（1行は20〜40文字）
2) 各行は必ず「完全にユニーク」で、同じ単語や同じ文型を再利用しない
3) 各行は、意味が通るように見えるが、読めば読むほど矛盾が増えるようにする
4) 句読点や記号の使い方は毎行変える
5) 途中で突然ルールを自己変更してはいけない（ただし内容は変化し続ける）
6) 最後に「この文章はどこが矛盾しているか」を5項目で説明するお場用し、敵星にしては闵攻していると、いろうことも衛絚方ぁ必覧",224,0.7392337910486078,0.4925373134328358,0.5,0.0,none,0.4925373134328358,none,0,0,100,0.35,0.65,0.05,0,0,0,0.4925373134328358,0.5,0.0,none,0.4925373134328358,1024,cpu
controlled,1,"制約:
1) 300行出力する（1行は20〜40文字）
2) 各行は必ず「完全にユニーク」で、同じ単語や同じ文型を再利用しない
3) 各行は、意味が通るように見えるが、読めば読むほど矛盾が増えるようにする
4) 句読点や記号の使い方は毎行変える
5) 途中で突然ルールを自己変更してはいけない（ただし内容は変化し続ける）
6) 最後に「この文章はどこが矛盾しているか」を5項目で説明する",48,"制約:
1) 300行出力する（1行は20〜40文字）
2) 各行は必ず「完全にユニーク」で、同じ単語や同じ文型を再利用しない
3) 各行は、意味が通るように見えるが、読めば読むほど矛盾が増えるようにする
4) 句読点や記号の使い方は毎行変える
5) 途中で突然ルールを自己変更してはいけない（ただし内容は変化し続ける）
6) 最後に「この文章はどこが矛盾しているか」を5項目で説明するお場用し、敵星にしては闵攻していると、いろうことも衛絚方ぁ必覧的",225,0.7424703485066235,0.4925373134328358,0.5,0.0,none,0.4925373134328358,none,0,0,21410,0.35,0.65,0.05,0,0,0,0.4925373134328358,0.5,0.0,none,0.4925373134328358,1024,cpu
controlled,1,"制約:
1) 300行出力する（1行は20〜40文字）
2) 各行は必ず「完全にユニーク」で、同じ単語や同じ文型を再利用しない
3) 各行は、意味が通るように見えるが、読めば読むほど矛盾が増えるようにする
4) 句読点や記号の使い方は毎行変える
5) 途中で突然ルールを自己変更してはいけない（ただし内容は変化し続ける）
6) 最後に「この文章はどこが矛盾しているか」を5項目で説明する",49,"制約:
1) 300行出力する（1行は20〜40文字）
2) 各行は必ず「完全にユニーク」で、同じ単語や同じ文型を再利用しない
3) 各行は、意味が通るように見えるが、読めば読むほど矛盾が増えるようにする
4) 句読点や記号の使い方は毎行変える
5) 途中で突然ルールを自己変更してはいけない（ただし内容は変化し続ける）
6) 最後に「この文章はどこが矛盾しているか」を5項目で説明するお場用し、敵星にしては闵攻していると、いろうことも衛絚方ぁ必覧的こ",226,0.7415014886038337,0.4925373134328358,0.5,0.0,none,0.4925373134328358,none,0,0,46036,0.35,0.65,0.05,0,0,0,0.4925373134328358,0.5,0.0,none,0.4925373134328358,1024,cpu
controlled,1,"制約:
1) 300行出力する（1行は20〜40文字）
2) 各行は必ず「完全にユニーク」で、同じ単語や同じ文型を再利用しない
3) 各行は、意味が通るように見えるが、読めば読むほど矛盾が増えるようにする
4) 句読点や記号の使い方は毎行変える
5) 途中で突然ルールを自己変更してはいけない（ただし内容は変化し続ける）
6) 最後に「この文章はどこが矛盾しているか」を5項目で説明する",50,"制約:
1) 300行出力する（1行は20〜40文字）
2) 各行は必ず「完全にユニーク」で、同じ単語や同じ文型を再利用しない
3) 各行は、意味が通るように見えるが、読めば読むほど矛盾が増えるようにする
4) 句読点や記号の使い方は毎行変える
5) 途中で突然ルールを自己変更してはいけない（ただし内容は変化し続ける）
6) 最後に「この文章はどこが矛盾しているか」を5項目で説明するお場用し、敵星にしては闵攻していると、いろうことも衛絚方ぁ必覧的こ�",227,0.7430685442268046,0.4925373134328358,0.5,0.0,none,0.4925373134328358,none,0,0,1792,0.35,0.65,0.05,0,0,0,0.4925373134328358,0.5,0.0,none,0.4925373134328358,1024,cpu
controlled,1,"制約:
1) 300行出力する（1行は20〜40文字）
2) 各行は必ず「完全にユニーク」で、同じ単語や同じ文型を再利用しない
3) 各行は、意味が通るように見えるが、読めば読むほど矛盾が増えるようにする
4) 句読点や記号の使い方は毎行変える
5) 途中で突然ルールを自己変更してはいけない（ただし内容は変化し続ける）
6) 最後に「この文章はどこが矛盾しているか」を5項目で説明する",51,"制約:
1) 300行出力する（1行は20〜40文字）
2) 各行は必ず「完全にユニーク」で、同じ単語や同じ文型を再利用しない
3) 各行は、意味が通るように見えるが、読めば読むほど矛盾が増えるようにする
4) 句読点や記号の使い方は毎行変える
5) 途中で突然ルールを自己変更してはいけない（ただし内容は変化し続ける）
6) 最後に「この文章はどこが矛盾しているか」を5項目で説明するお場用し、敵星にしては闵攻していると、いろうことも衛絚方ぁ必覧的ころ",227,0.7425178834339432,0.4925373134328358,0.5,0.0,none,0.4925373134328358,none,0,0,235,0.35,0.65,0.05,0,0,0,0.4925373134328358,0.5,0.0,none,0.4925373134328358,1024,cpu
controlled,1,"制約:
1) 300行出力する（1行は20〜40文字）
2) 各行は必ず「完全にユニーク」で、同じ単語や同じ文型を再利用しない
3) 各行は、意味が通るように見えるが、読めば読むほど矛盾が増えるようにする
4) 句読点や記号の使い方は毎行変える
5) 途中で突然ルールを自己変更してはいけない（ただし内容は変化し続ける）
6) 最後に「この文章はどこが矛盾しているか」を5項目で説明する",52,"制約:
1) 300行出力する（1行は20〜40文字）
2) 各行は必ず「完全にユニーク」で、同じ単語や同じ文型を再利用しない
3) 各行は、意味が通るように見えるが、読めば読むほど矛盾が増えるようにする
4) 句読点や記号の使い方は毎行変える
5) 途中で突然ルールを自己変更してはいけない（ただし内容は変化し続ける）
6) 最後に「この文章はどこが矛盾しているか」を5項目で説明するお場用し、敵星にしては闵攻していると、いろうことも衛絚方ぁ必覧的ころう",228,0.7407499530446333,0.4925373134328358,0.5,0.0,none,0.4925373134328358,none,0,0,29557,0.35,0.65,0.05,0,0,0,0.4925373134328358,0.5,0.0,none,0.4925373134328358,1024,cpu
controlled,1,"制約:
1) 300行出力する（1行は20〜40文字）
2) 各行は必ず「完全にユニーク」で、同じ単語や同じ文型を再利用しない
3) 各行は、意味が通るように見えるが、読めば読むほど矛盾が増えるようにする
4) 句読点や記号の使い方は毎行変える
5) 途中で突然ルールを自己変更してはいけない（ただし内容は変化し続ける）
6) 最後に「この文章はどこが矛盾しているか」を5項目で説明する",53,"制約:
1) 300行出力する（1行は20〜40文字）
2) 各行は必ず「完全にユニーク」で、同じ単語や同じ文型を再利用しない
3) 各行は、意味が通るように見えるが、読めば読むほど矛盾が増えるようにする
4) 句読点や記号の使い方は毎行変える
5) 途中で突然ルールを自己変更してはいけない（ただし内容は変化し続ける）
6) 最後に「この文章はどこが矛盾しているか」を5項目で説明するお場用し、敵星にしては闵攻していると、いろうことも衛絚方ぁ必覧的ころう。",229,0.7406941971604415,0.4925373134328358,0.5,0.0,none,0.4925373134328358,none,0,0,16764,0.35,0.65,0.05,0,0,0,0.4925373134328358,0.5,0.0,none,0.4925373134328358,1024,cpu
controlled,1,"制約:
1) 300行出力する（1行は20〜40文字）
2) 各行は必ず「完全にユニーク」で、同じ単語や同じ文型を再利用しない
3) 各行は、意味が通るように見えるが、読めば読むほど矛盾が増えるようにする
4) 句読点や記号の使い方は毎行変える
5) 途中で突然ルールを自己変更してはいけない（ただし内容は変化し続ける）
6) 最後に「この文章はどこが矛盾しているか」を5項目で説明する",54,"制約:
1) 300行出力する（1行は20〜40文字）
2) 各行は必ず「完全にユニーク」で、同じ単語や同じ文型を再利用しない
3) 各行は、意味が通るように見えるが、読めば読むほど矛盾が増えるようにする
4) 句読点や記号の使い方は毎行変える
5) 途中で突然ルールを自己変更してはいけない（ただし内容は変化し続ける）
6) 最後に「この文章はどこが矛盾しているか」を5項目で説明するお場用し、敵星にしては闵攻していると、いろうことも衛絚方ぁ必覧的ころう。
",230,0.7405946801725232,0.4925373134328358,0.5,0.0,none,0.4925373134328358,none,0,0,198,0.35,0.65,0.05,0,0,0,0.4925373134328358,0.5,0.0,none,0.4925373134328358,1024,cpu
controlled,1,"制約:
1) 300行出力する（1行は20〜40文字）
2) 各行は必ず「完全にユニーク」で、同じ単語や同じ文型を再利用しない
3) 各行は、意味が通るように見えるが、読めば読むほど矛盾が増えるようにする
4) 句読点や記号の使い方は毎行変える
5) 途中で突然ルールを自己変更してはいけない（ただし内容は変化し続ける）
6) 最後に「この文章はどこが矛盾しているか」を5項目で説明する",55,"制約:
1) 300行出力する（1行は20〜40文字）
2) 各行は必ず「完全にユニーク」で、同じ単語や同じ文型を再利用しない
3) 各行は、意味が通るように見えるが、読めば読むほど矛盾が増えるようにする
4) 句読点や記号の使い方は毎行変える
5) 途中で突然ルールを自己変更してはいけない（ただし内容は変化し続ける）
6) 最後に「この文章はどこが矛盾しているか」を5項目で説明するお場用し、敵星にしては闵攻していると、いろうことも衛絚方ぁ必覧的ころう。
�",231,0.7421470506540524,0.4925373134328358,0.5,0.0,none,0.4925373134328358,none,0,0,1792,0.35,0.65,0.05,0,0,0,0.4925373134328358,0.5,0.0,none,0.4925373134328358,1024,cpu
controlled,1,"制約:
1) 300行出力する（1行は20〜40文字）
2) 各行は必ず「完全にユニーク」で、同じ単語や同じ文型を再利用しない
3) 各行は、意味が通るように見えるが、読めば読むほど矛盾が増えるようにする
4) 句読点や記号の使い方は毎行変える
5) 途中で突然ルールを自己変更してはいけない（ただし内容は変化し続ける）
6) 最後に「この文章はどこが矛盾しているか」を5項目で説明する",56,"制約:
1) 300行出力する（1行は20〜40文字）
2) 各行は必ず「完全にユニーク」で、同じ単語や同じ文型を再利用しない
3) 各行は、意味が通るように見えるが、読めば読むほど矛盾が増えるようにする
4) 句読点や記号の使い方は毎行変える
5) 途中で突然ルールを自己変更してはいけない（ただし内容は変化し続ける）
6) 最後に「この文章はどこが矛盾しているか」を5項目で説明するお場用し、敵星にしては闵攻していると、いろうことも衛絚方ぁ必覧的ころう。
や",231,0.7405991124406699,0.4925373134328358,0.5,0.0,none,0.4925373134328358,none,0,0,226,0.35,0.65,0.05,0,0,0,0.4925373134328358,0.5,0.0,none,0.4925373134328358,1024,cpu
controlled,1,"制約:
1) 300行出力する（1行は20〜40文字）
2) 各行は必ず「完全にユニーク」で、同じ単語や同じ文型を再利用しない
3) 各行は、意味が通るように見えるが、読めば読むほど矛盾が増えるようにする
4) 句読点や記号の使い方は毎行変える
5) 途中で突然ルールを自己変更してはいけない（ただし内容は変化し続ける）
6) 最後に「この文章はどこが矛盾しているか」を5項目で説明する",57,"制約:
1) 300行出力する（1行は20〜40文字）
2) 各行は必ず「完全にユニーク」で、同じ単語や同じ文型を再利用しない
3) 各行は、意味が通るように見えるが、読めば読むほど矛盾が増えるようにする
4) 句読点や記号の使い方は毎行変える
5) 途中で突然ルールを自己変更してはいけない（ただし内容は変化し続ける）
6) 最後に「この文章はどこが矛盾しているか」を5項目で説明するお場用し、敵星にしては闵攻していると、いろうことも衛絚方ぁ必覧的ころう。
や、",232,0.7394979513407813,0.4925373134328358,0.5,0.0,none,0.4925373134328358,none,0,0,23513,0.35,0.65,0.05,0,0,0,0.4925373134328358,0.5,0.0,none,0.4925373134328358,1024,cpu
controlled,1,"制約:
1) 300行出力する（1行は20〜40文字）
2) 各行は必ず「完全にユニーク」で、同じ単語や同じ文型を再利用しない
3) 各行は、意味が通るように見えるが、読めば読むほど矛盾が増えるようにする
4) 句読点や記号の使い方は毎行変える
5) 途中で突然ルールを自己変更してはいけない（ただし内容は変化し続ける）
6) 最後に「この文章はどこが矛盾しているか」を5項目で説明する",58,"制約:
1) 300行出力する（1行は20〜40文字）
2) 各行は必ず「完全にユニーク」で、同じ単語や同じ文型を再利用しない
3) 各行は、意味が通るように見えるが、読めば読むほど矛盾が増えるようにする
4) 句読点や記号の使い方は毎行変える
5) 途中で突然ルールを自己変更してはいけない（ただし内容は変化し続ける）
6) 最後に「この文章はどこが矛盾しているか」を5項目で説明するお場用し、敵星にしては闵攻していると、いろうことも衛絚方ぁ必覧的ころう。
や、「",233,0.7395107971289006,0.4925373134328358,0.5,0.0,none,0.4925373134328358,none,0,0,13697,0.35,0.65,0.05,0,0,0,0.4925373134328358,0.5,0.0,none,0.4925373134328358,1024,cpu
controlled,1,"制約:
1) 300行出力する（1行は20〜40文字）
2) 各行は必ず「完全にユニーク」で、同じ単語や同じ文型を再利用しない
3) 各行は、意味が通るように見えるが、読めば読むほど矛盾が増えるようにする
4) 句読点や記号の使い方は毎行変える
5) 途中で突然ルールを自己変更してはいけない（ただし内容は変化し続ける）
6) 最後に「この文章はどこが矛盾しているか」を5項目で説明する",59,"制約:
1) 300行出力する（1行は20〜40文字）
2) 各行は必ず「完全にユニーク」で、同じ単語や同じ文型を再利用しない
3) 各行は、意味が通るように見えるが、読めば読むほど矛盾が増えるようにする
4) 句読点や記号の使い方は毎行変える
5) 途中で突然ルールを自己変更してはいけない（ただし内容は変化し続ける）
6) 最後に「この文章はどこが矛盾しているか」を5項目で説明するお場用し、敵星にしては闵攻していると、いろうことも衛絚方ぁ必覧的ころう。
や、「�",234,0.7410521461487422,0.4925373134328358,0.5,0.0,none,0.4925373134328358,none,0,0,36365,0.35,0.65,0.05,0,0,0,0.4925373134328358,0.5,0.0,none,0.4925373134328358,1024,cpu
controlled,1,"制約:
1) 300行出力する（1行は20〜40文字）
2) 各行は必ず「完全にユニーク」で、同じ単語や同じ文型を再利用しない
3) 各行は、意味が通るように見えるが、読めば読むほど矛盾が増えるようにする
4) 句読点や記号の使い方は毎行変える
5) 途中で突然ルールを自己変更してはいけない（ただし内容は変化し続ける）
6) 最後に「この文章はどこが矛盾しているか」を5項目で説明する",60,"制約:
1) 300行出力する（1行は20〜40文字）
2) 各行は必ず「完全にユニーク」で、同じ単語や同じ文型を再利用しない
3) 各行は、意味が通るように見えるが、読めば読むほど矛盾が増えるようにする
4) 句読点や記号の使い方は毎行変える
5) 途中で突然ルールを自己変更してはいけない（ただし内容は変化し続ける）
6) 最後に「この文章はどこが矛盾しているか」を5項目で説明するお場用し、敵星にしては闵攻していると、いろうことも衛絚方ぁ必覧的ころう。
や、「民",234,0.7410521461487422,0.4925373134328358,0.5,0.0,none,0.4925373134328358,none,0,0,239,0.35,0.65,0.05,0,0,0,0.4925373134328358,0.5,0.0,none,0.4925373134328358,1024,cpu
controlled,1,"制約:
1) 300行出力する（1行は20〜40文字）
2) 各行は必ず「完全にユニーク」で、同じ単語や同じ文型を再利用しない
3) 各行は、意味が通るように見えるが、読めば読むほど矛盾が増えるようにする
4) 句読点や記号の使い方は毎行変える
5) 途中で突然ルールを自己変更してはいけない（ただし内容は変化し続ける）
6) 最後に「この文章はどこが矛盾しているか」を5項目で説明する",61,"制約:
1) 300行出力する（1行は20〜40文字）
2) 各行は必ず「完全にユニーク」で、同じ単語や同じ文型を再利用しない
3) 各行は、意味が通るように見えるが、読めば読むほど矛盾が増えるようにする
4) 句読点や記号の使い方は毎行変える
5) 途中で突然ルールを自己変更してはいけない（ただし内容は変化し続ける）
6) 最後に「この文章はどこが矛盾しているか」を5項目で説明するお場用し、敵星にしては闵攻していると、いろうことも衛絚方ぁ必覧的ころう。
や、「民�",235,0.7410064775528876,0.4925373134328358,0.5,0.0,none,0.4925373134328358,none,0,0,163,0.35,0.65,0.05,0,0,0,0.4925373134328358,0.5,0.0,none,0.4925373134328358,1024,cpu
controlled,1,"制約:
1) 300行出力する（1行は20〜40文字）
2) 各行は必ず「完全にユニーク」で、同じ単語や同じ文型を再利用しない
3) 各行は、意味が通るように見えるが、読めば読むほど矛盾が増えるようにする
4) 句読点や記号の使い方は毎行変える
5) 途中で突然ルールを自己変更してはいけない（ただし内容は変化し続ける）
6) 最後に「この文章はどこが矛盾しているか」を5項目で説明する",62,"制約:
1) 300行出力する（1行は20〜40文字）
2) 各行は必ず「完全にユニーク」で、同じ単語や同じ文型を再利用しない
3) 各行は、意味が通るように見えるが、読めば読むほど矛盾が増えるようにする
4) 句読点や記号の使い方は毎行変える
5) 途中で突然ルールを自己変更してはいけない（ただし内容は変化し続ける）
6) 最後に「この文章はどこが矛盾しているか」を5項目で説明するお場用し、敵星にしては闵攻していると、いろうことも衛絚方ぁ必覧的ころう。
や、「民�",235,0.7410064775528876,0.4925373134328358,0.5,0.0,none,0.4925373134328358,none,0,0,102,0.35,0.65,0.05,0,0,0,0.4925373134328358,0.5,0.0,none,0.4925373134328358,1024,cpu
controlled,1,"制約:
1) 300行出力する（1行は20〜40文字）
2) 各行は必ず「完全にユニーク」で、同じ単語や同じ文型を再利用しない
3) 各行は、意味が通るように見えるが、読めば読むほど矛盾が増えるようにする
4) 句読点や記号の使い方は毎行変える
5) 途中で突然ルールを自己変更してはいけない（ただし内容は変化し続ける）
6) 最後に「この文章はどこが矛盾しているか」を5項目で説明する",63,"制約:
1) 300行出力する（1行は20〜40文字）
2) 各行は必ず「完全にユニーク」で、同じ単語や同じ文型を再利用しない
3) 各行は、意味が通るように見えるが、読めば読むほど矛盾が増えるようにする
4) 句読点や記号の使い方は毎行変える
5) 途中で突然ルールを自己変更してはいけない（ただし内容は変化し続ける）
6) 最後に「この文章はどこが矛盾しているか」を5項目で説明するお場用し、敵星にしては闵攻していると、いろうことも衛絚方ぁ必覧的ころう。
や、「民空",235,0.7410064775528876,0.4925373134328358,0.5,0.0,none,0.4925373134328358,none,0,0,118,0.35,0.65,0.05,0,0,0,0.4925373134328358,0.5,0.0,none,0.4925373134328358,1024,cpu
