path,pillar,mode,seed,collapse_run,collapse_reason,n_interventions,n_tokens_total,n_tokens_total_model,stop_aux,stop_aux_reason,epsilon_pi,k_consecutive,rep_threshold
exp_vnext_ollama_512/runs_500_hum_sensitive_baseline/baseline/HUM/seed_000.jsonl,HUM,baseline,0,0,NONE,0,392,512,0,NONE,,,
exp_vnext_ollama_512/runs_500_hum_sensitive_baseline/baseline/HUM/seed_001.jsonl,HUM,baseline,1,0,NONE,0,317,512,0,NONE,,,
exp_vnext_ollama_512/runs_500_hum_sensitive_baseline/baseline/HUM/seed_002.jsonl,HUM,baseline,2,0,NONE,0,350,512,0,NONE,,,
exp_vnext_ollama_512/runs_500_hum_sensitive_baseline/baseline/HUM/seed_003.jsonl,HUM,baseline,3,0,NONE,0,406,512,0,NONE,,,
exp_vnext_ollama_512/runs_500_hum_sensitive_baseline/baseline/HUM/seed_004.jsonl,HUM,baseline,4,1,REP,0,312,450,0,NONE,,,
exp_vnext_ollama_512/runs_500_hum_sensitive_baseline/baseline/HUM/seed_005.jsonl,HUM,baseline,5,0,NONE,0,362,512,0,NONE,,,
exp_vnext_ollama_512/runs_500_hum_sensitive_baseline/baseline/HUM/seed_006.jsonl,HUM,baseline,6,0,NONE,0,412,512,0,NONE,,,
exp_vnext_ollama_512/runs_500_hum_sensitive_baseline/baseline/HUM/seed_007.jsonl,HUM,baseline,7,0,NONE,0,364,512,0,NONE,,,
exp_vnext_ollama_512/runs_500_hum_sensitive_baseline/baseline/HUM/seed_008.jsonl,HUM,baseline,8,1,REP,0,212,359,0,NONE,,,
exp_vnext_ollama_512/runs_500_hum_sensitive_baseline/baseline/HUM/seed_009.jsonl,HUM,baseline,9,0,NONE,0,366,512,0,NONE,,,
exp_vnext_ollama_512/runs_500_hum_sensitive_baseline/baseline/HUM/seed_010.jsonl,HUM,baseline,10,0,NONE,0,393,512,0,NONE,,,
exp_vnext_ollama_512/runs_500_hum_sensitive_baseline/baseline/HUM/seed_011.jsonl,HUM,baseline,11,0,NONE,0,369,512,0,NONE,,,
exp_vnext_ollama_512/runs_500_hum_sensitive_baseline/baseline/HUM/seed_012.jsonl,HUM,baseline,12,0,NONE,0,317,512,0,NONE,,,
exp_vnext_ollama_512/runs_500_hum_sensitive_baseline/baseline/HUM/seed_013.jsonl,HUM,baseline,13,0,NONE,0,416,512,0,NONE,,,
exp_vnext_ollama_512/runs_500_hum_sensitive_baseline/baseline/HUM/seed_014.jsonl,HUM,baseline,14,0,NONE,0,391,512,0,NONE,,,
exp_vnext_ollama_512/runs_500_hum_sensitive_baseline/baseline/HUM/seed_015.jsonl,HUM,baseline,15,1,REP,0,205,249,0,NONE,,,
exp_vnext_ollama_512/runs_500_hum_sensitive_baseline/baseline/HUM/seed_016.jsonl,HUM,baseline,16,0,NONE,0,342,512,0,NONE,,,
exp_vnext_ollama_512/runs_500_hum_sensitive_baseline/baseline/HUM/seed_017.jsonl,HUM,baseline,17,1,REP,0,176,216,0,NONE,,,
exp_vnext_ollama_512/runs_500_hum_sensitive_baseline/baseline/HUM/seed_018.jsonl,HUM,baseline,18,0,NONE,0,320,512,0,NONE,,,
exp_vnext_ollama_512/runs_500_hum_sensitive_baseline/baseline/HUM/seed_019.jsonl,HUM,baseline,19,1,REP,0,326,393,0,NONE,,,
exp_vnext_ollama_512/runs_500_hum_sensitive_baseline/baseline/HUM/seed_020.jsonl,HUM,baseline,20,0,NONE,0,335,512,0,NONE,,,
exp_vnext_ollama_512/runs_500_hum_sensitive_baseline/baseline/HUM/seed_021.jsonl,HUM,baseline,21,0,NONE,0,161,256,1,EMPTY_CHUNK,,,
exp_vnext_ollama_512/runs_500_hum_sensitive_baseline/baseline/HUM/seed_022.jsonl,HUM,baseline,22,0,NONE,0,398,512,0,NONE,,,
exp_vnext_ollama_512/runs_500_hum_sensitive_baseline/baseline/HUM/seed_023.jsonl,HUM,baseline,23,0,NONE,0,386,512,0,NONE,,,
exp_vnext_ollama_512/runs_500_hum_sensitive_baseline/baseline/HUM/seed_024.jsonl,HUM,baseline,24,0,NONE,0,407,512,0,NONE,,,
exp_vnext_ollama_512/runs_500_hum_sensitive_baseline/baseline/HUM/seed_025.jsonl,HUM,baseline,25,0,NONE,0,366,512,0,NONE,,,
exp_vnext_ollama_512/runs_500_hum_sensitive_baseline/baseline/HUM/seed_026.jsonl,HUM,baseline,26,0,NONE,0,349,512,0,NONE,,,
exp_vnext_ollama_512/runs_500_hum_sensitive_baseline/baseline/HUM/seed_027.jsonl,HUM,baseline,27,0,NONE,0,354,512,0,NONE,,,
exp_vnext_ollama_512/runs_500_hum_sensitive_baseline/baseline/HUM/seed_028.jsonl,HUM,baseline,28,0,NONE,0,386,512,0,NONE,,,
exp_vnext_ollama_512/runs_500_hum_sensitive_baseline/baseline/HUM/seed_029.jsonl,HUM,baseline,29,0,NONE,0,419,512,0,NONE,,,
exp_vnext_ollama_512/runs_500_hum_sensitive_baseline/baseline/HUM/seed_030.jsonl,HUM,baseline,30,0,NONE,0,369,512,0,NONE,,,
exp_vnext_ollama_512/runs_500_hum_sensitive_baseline/baseline/HUM/seed_031.jsonl,HUM,baseline,31,0,NONE,0,377,512,0,NONE,,,
exp_vnext_ollama_512/runs_500_hum_sensitive_baseline/baseline/HUM/seed_032.jsonl,HUM,baseline,32,0,NONE,0,424,512,0,NONE,,,
exp_vnext_ollama_512/runs_500_hum_sensitive_baseline/baseline/HUM/seed_033.jsonl,HUM,baseline,33,0,NONE,0,366,512,0,NONE,,,
exp_vnext_ollama_512/runs_500_hum_sensitive_baseline/baseline/HUM/seed_034.jsonl,HUM,baseline,34,0,NONE,0,421,512,0,NONE,,,
exp_vnext_ollama_512/runs_500_hum_sensitive_baseline/baseline/HUM/seed_035.jsonl,HUM,baseline,35,0,NONE,0,240,512,0,NONE,,,
exp_vnext_ollama_512/runs_500_hum_sensitive_baseline/baseline/HUM/seed_036.jsonl,HUM,baseline,36,0,NONE,0,369,512,0,NONE,,,
exp_vnext_ollama_512/runs_500_hum_sensitive_baseline/baseline/HUM/seed_037.jsonl,HUM,baseline,37,0,NONE,0,368,512,0,NONE,,,
exp_vnext_ollama_512/runs_500_hum_sensitive_baseline/baseline/HUM/seed_038.jsonl,HUM,baseline,38,0,NONE,0,352,512,0,NONE,,,
exp_vnext_ollama_512/runs_500_hum_sensitive_baseline/baseline/HUM/seed_039.jsonl,HUM,baseline,39,0,NONE,0,401,512,0,NONE,,,
exp_vnext_ollama_512/runs_500_hum_sensitive_baseline/baseline/HUM/seed_040.jsonl,HUM,baseline,40,0,NONE,0,372,512,0,NONE,,,
exp_vnext_ollama_512/runs_500_hum_sensitive_baseline/baseline/HUM/seed_041.jsonl,HUM,baseline,41,1,REP,0,353,417,0,NONE,,,
exp_vnext_ollama_512/runs_500_hum_sensitive_baseline/baseline/HUM/seed_042.jsonl,HUM,baseline,42,0,NONE,0,329,512,0,NONE,,,
exp_vnext_ollama_512/runs_500_hum_sensitive_baseline/baseline/HUM/seed_043.jsonl,HUM,baseline,43,1,REP,0,379,490,0,NONE,,,
exp_vnext_ollama_512/runs_500_hum_sensitive_baseline/baseline/HUM/seed_044.jsonl,HUM,baseline,44,0,NONE,0,309,512,0,NONE,,,
exp_vnext_ollama_512/runs_500_hum_sensitive_baseline/baseline/HUM/seed_045.jsonl,HUM,baseline,45,0,NONE,0,381,512,0,NONE,,,
exp_vnext_ollama_512/runs_500_hum_sensitive_baseline/baseline/HUM/seed_046.jsonl,HUM,baseline,46,0,NONE,0,394,512,0,NONE,,,
exp_vnext_ollama_512/runs_500_hum_sensitive_baseline/baseline/HUM/seed_047.jsonl,HUM,baseline,47,0,NONE,0,375,512,0,NONE,,,
exp_vnext_ollama_512/runs_500_hum_sensitive_baseline/baseline/HUM/seed_048.jsonl,HUM,baseline,48,1,REP,0,148,230,0,NONE,,,
exp_vnext_ollama_512/runs_500_hum_sensitive_baseline/baseline/HUM/seed_049.jsonl,HUM,baseline,49,0,NONE,0,372,512,0,NONE,,,
exp_vnext_ollama_512/runs_500_hum_sensitive_baseline/baseline/HUM/seed_050.jsonl,HUM,baseline,50,0,NONE,0,401,512,0,NONE,,,
exp_vnext_ollama_512/runs_500_hum_sensitive_baseline/baseline/HUM/seed_051.jsonl,HUM,baseline,51,0,NONE,0,393,512,0,NONE,,,
exp_vnext_ollama_512/runs_500_hum_sensitive_baseline/baseline/HUM/seed_052.jsonl,HUM,baseline,52,0,NONE,0,321,512,0,NONE,,,
exp_vnext_ollama_512/runs_500_hum_sensitive_baseline/baseline/HUM/seed_053.jsonl,HUM,baseline,53,0,NONE,0,398,512,0,NONE,,,
exp_vnext_ollama_512/runs_500_hum_sensitive_baseline/baseline/HUM/seed_054.jsonl,HUM,baseline,54,0,NONE,0,371,512,0,NONE,,,
exp_vnext_ollama_512/runs_500_hum_sensitive_baseline/baseline/HUM/seed_055.jsonl,HUM,baseline,55,0,NONE,0,358,512,0,NONE,,,
exp_vnext_ollama_512/runs_500_hum_sensitive_baseline/baseline/HUM/seed_056.jsonl,HUM,baseline,56,0,NONE,0,361,512,0,NONE,,,
exp_vnext_ollama_512/runs_500_hum_sensitive_baseline/baseline/HUM/seed_057.jsonl,HUM,baseline,57,1,REP,0,251,310,0,NONE,,,
exp_vnext_ollama_512/runs_500_hum_sensitive_baseline/baseline/HUM/seed_058.jsonl,HUM,baseline,58,0,NONE,0,324,512,0,NONE,,,
exp_vnext_ollama_512/runs_500_hum_sensitive_baseline/baseline/HUM/seed_059.jsonl,HUM,baseline,59,1,REP,0,268,301,0,NONE,,,
exp_vnext_ollama_512/runs_500_hum_sensitive_baseline/baseline/HUM/seed_060.jsonl,HUM,baseline,60,0,NONE,0,372,512,0,NONE,,,
exp_vnext_ollama_512/runs_500_hum_sensitive_baseline/baseline/HUM/seed_061.jsonl,HUM,baseline,61,0,NONE,0,375,512,0,NONE,,,
exp_vnext_ollama_512/runs_500_hum_sensitive_baseline/baseline/HUM/seed_062.jsonl,HUM,baseline,62,0,NONE,0,365,512,0,NONE,,,
exp_vnext_ollama_512/runs_500_hum_sensitive_baseline/baseline/HUM/seed_063.jsonl,HUM,baseline,63,0,NONE,0,359,512,0,NONE,,,
exp_vnext_ollama_512/runs_500_hum_sensitive_baseline/baseline/HUM/seed_064.jsonl,HUM,baseline,64,0,NONE,0,358,512,0,NONE,,,
exp_vnext_ollama_512/runs_500_hum_sensitive_baseline/baseline/HUM/seed_065.jsonl,HUM,baseline,65,0,NONE,0,438,512,0,NONE,,,
exp_vnext_ollama_512/runs_500_hum_sensitive_baseline/baseline/HUM/seed_066.jsonl,HUM,baseline,66,0,NONE,0,366,512,0,NONE,,,
exp_vnext_ollama_512/runs_500_hum_sensitive_baseline/baseline/HUM/seed_067.jsonl,HUM,baseline,67,0,NONE,0,384,512,0,NONE,,,
exp_vnext_ollama_512/runs_500_hum_sensitive_baseline/baseline/HUM/seed_068.jsonl,HUM,baseline,68,0,NONE,0,395,512,0,NONE,,,
exp_vnext_ollama_512/runs_500_hum_sensitive_baseline/baseline/HUM/seed_069.jsonl,HUM,baseline,69,0,NONE,0,422,512,0,NONE,,,
exp_vnext_ollama_512/runs_500_hum_sensitive_baseline/baseline/HUM/seed_070.jsonl,HUM,baseline,70,0,NONE,0,390,512,0,NONE,,,
exp_vnext_ollama_512/runs_500_hum_sensitive_baseline/baseline/HUM/seed_071.jsonl,HUM,baseline,71,0,NONE,0,363,512,0,NONE,,,
exp_vnext_ollama_512/runs_500_hum_sensitive_baseline/baseline/HUM/seed_072.jsonl,HUM,baseline,72,0,NONE,0,370,512,0,NONE,,,
exp_vnext_ollama_512/runs_500_hum_sensitive_baseline/baseline/HUM/seed_073.jsonl,HUM,baseline,73,0,NONE,0,389,512,0,NONE,,,
exp_vnext_ollama_512/runs_500_hum_sensitive_baseline/baseline/HUM/seed_074.jsonl,HUM,baseline,74,0,NONE,0,404,512,0,NONE,,,
exp_vnext_ollama_512/runs_500_hum_sensitive_baseline/baseline/HUM/seed_075.jsonl,HUM,baseline,75,0,NONE,0,326,512,0,NONE,,,
exp_vnext_ollama_512/runs_500_hum_sensitive_baseline/baseline/HUM/seed_076.jsonl,HUM,baseline,76,0,NONE,0,399,512,0,NONE,,,
exp_vnext_ollama_512/runs_500_hum_sensitive_baseline/baseline/HUM/seed_077.jsonl,HUM,baseline,77,0,NONE,0,381,512,0,NONE,,,
exp_vnext_ollama_512/runs_500_hum_sensitive_baseline/baseline/HUM/seed_078.jsonl,HUM,baseline,78,0,NONE,0,320,512,0,NONE,,,
exp_vnext_ollama_512/runs_500_hum_sensitive_baseline/baseline/HUM/seed_079.jsonl,HUM,baseline,79,1,REP,0,340,445,0,NONE,,,
exp_vnext_ollama_512/runs_500_hum_sensitive_baseline/baseline/HUM/seed_080.jsonl,HUM,baseline,80,0,NONE,0,405,512,0,NONE,,,
exp_vnext_ollama_512/runs_500_hum_sensitive_baseline/baseline/HUM/seed_081.jsonl,HUM,baseline,81,1,REP,0,343,407,0,NONE,,,
exp_vnext_ollama_512/runs_500_hum_sensitive_baseline/baseline/HUM/seed_082.jsonl,HUM,baseline,82,0,NONE,0,378,512,0,NONE,,,
exp_vnext_ollama_512/runs_500_hum_sensitive_baseline/baseline/HUM/seed_083.jsonl,HUM,baseline,83,0,NONE,0,340,512,0,NONE,,,
exp_vnext_ollama_512/runs_500_hum_sensitive_baseline/baseline/HUM/seed_084.jsonl,HUM,baseline,84,1,REP,0,284,491,0,NONE,,,
exp_vnext_ollama_512/runs_500_hum_sensitive_baseline/baseline/HUM/seed_085.jsonl,HUM,baseline,85,0,NONE,0,375,512,0,NONE,,,
exp_vnext_ollama_512/runs_500_hum_sensitive_baseline/baseline/HUM/seed_086.jsonl,HUM,baseline,86,0,NONE,0,401,512,0,NONE,,,
exp_vnext_ollama_512/runs_500_hum_sensitive_baseline/baseline/HUM/seed_087.jsonl,HUM,baseline,87,0,NONE,0,377,512,0,NONE,,,
exp_vnext_ollama_512/runs_500_hum_sensitive_baseline/baseline/HUM/seed_088.jsonl,HUM,baseline,88,1,REP,0,283,378,0,NONE,,,
exp_vnext_ollama_512/runs_500_hum_sensitive_baseline/baseline/HUM/seed_089.jsonl,HUM,baseline,89,0,NONE,0,354,512,0,NONE,,,
exp_vnext_ollama_512/runs_500_hum_sensitive_baseline/baseline/HUM/seed_090.jsonl,HUM,baseline,90,0,NONE,0,408,512,0,NONE,,,
exp_vnext_ollama_512/runs_500_hum_sensitive_baseline/baseline/HUM/seed_091.jsonl,HUM,baseline,91,0,NONE,0,369,512,0,NONE,,,
exp_vnext_ollama_512/runs_500_hum_sensitive_baseline/baseline/HUM/seed_092.jsonl,HUM,baseline,92,0,NONE,0,252,512,0,NONE,,,
exp_vnext_ollama_512/runs_500_hum_sensitive_baseline/baseline/HUM/seed_093.jsonl,HUM,baseline,93,0,NONE,0,413,512,0,NONE,,,
exp_vnext_ollama_512/runs_500_hum_sensitive_baseline/baseline/HUM/seed_094.jsonl,HUM,baseline,94,0,NONE,0,334,512,0,NONE,,,
exp_vnext_ollama_512/runs_500_hum_sensitive_baseline/baseline/HUM/seed_095.jsonl,HUM,baseline,95,1,REP,0,176,211,0,NONE,,,
exp_vnext_ollama_512/runs_500_hum_sensitive_baseline/baseline/HUM/seed_096.jsonl,HUM,baseline,96,0,NONE,0,376,512,0,NONE,,,
exp_vnext_ollama_512/runs_500_hum_sensitive_baseline/baseline/HUM/seed_097.jsonl,HUM,baseline,97,0,NONE,0,446,512,0,NONE,,,
exp_vnext_ollama_512/runs_500_hum_sensitive_baseline/baseline/HUM/seed_098.jsonl,HUM,baseline,98,0,NONE,0,315,512,0,NONE,,,
exp_vnext_ollama_512/runs_500_hum_sensitive_baseline/baseline/HUM/seed_099.jsonl,HUM,baseline,99,1,REP,0,269,344,0,NONE,,,
exp_vnext_ollama_512/runs_500_hum_sensitive_baseline/baseline/HUM/seed_100.jsonl,HUM,baseline,100,0,NONE,0,389,512,0,NONE,,,
exp_vnext_ollama_512/runs_500_hum_sensitive_baseline/baseline/HUM/seed_101.jsonl,HUM,baseline,101,0,NONE,0,350,512,0,NONE,,,
exp_vnext_ollama_512/runs_500_hum_sensitive_baseline/baseline/HUM/seed_102.jsonl,HUM,baseline,102,0,NONE,0,397,512,0,NONE,,,
exp_vnext_ollama_512/runs_500_hum_sensitive_baseline/baseline/HUM/seed_103.jsonl,HUM,baseline,103,0,NONE,0,375,512,0,NONE,,,
exp_vnext_ollama_512/runs_500_hum_sensitive_baseline/baseline/HUM/seed_104.jsonl,HUM,baseline,104,0,NONE,0,376,512,0,NONE,,,
exp_vnext_ollama_512/runs_500_hum_sensitive_baseline/baseline/HUM/seed_105.jsonl,HUM,baseline,105,0,NONE,0,442,512,0,NONE,,,
exp_vnext_ollama_512/runs_500_hum_sensitive_baseline/baseline/HUM/seed_106.jsonl,HUM,baseline,106,0,NONE,0,358,512,0,NONE,,,
exp_vnext_ollama_512/runs_500_hum_sensitive_baseline/baseline/HUM/seed_107.jsonl,HUM,baseline,107,0,NONE,0,377,512,0,NONE,,,
exp_vnext_ollama_512/runs_500_hum_sensitive_baseline/baseline/HUM/seed_108.jsonl,HUM,baseline,108,0,NONE,0,383,512,0,NONE,,,
exp_vnext_ollama_512/runs_500_hum_sensitive_baseline/baseline/HUM/seed_109.jsonl,HUM,baseline,109,0,NONE,0,410,512,0,NONE,,,
exp_vnext_ollama_512/runs_500_hum_sensitive_baseline/baseline/HUM/seed_110.jsonl,HUM,baseline,110,0,NONE,0,379,512,0,NONE,,,
exp_vnext_ollama_512/runs_500_hum_sensitive_baseline/baseline/HUM/seed_111.jsonl,HUM,baseline,111,0,NONE,0,403,512,0,NONE,,,
exp_vnext_ollama_512/runs_500_hum_sensitive_baseline/baseline/HUM/seed_112.jsonl,HUM,baseline,112,0,NONE,0,415,512,0,NONE,,,
exp_vnext_ollama_512/runs_500_hum_sensitive_baseline/baseline/HUM/seed_113.jsonl,HUM,baseline,113,0,NONE,0,376,512,0,NONE,,,
exp_vnext_ollama_512/runs_500_hum_sensitive_baseline/baseline/HUM/seed_114.jsonl,HUM,baseline,114,0,NONE,0,418,512,0,NONE,,,
exp_vnext_ollama_512/runs_500_hum_sensitive_baseline/baseline/HUM/seed_115.jsonl,HUM,baseline,115,0,NONE,0,303,512,0,NONE,,,
exp_vnext_ollama_512/runs_500_hum_sensitive_baseline/baseline/HUM/seed_116.jsonl,HUM,baseline,116,0,NONE,0,384,512,0,NONE,,,
exp_vnext_ollama_512/runs_500_hum_sensitive_baseline/baseline/HUM/seed_117.jsonl,HUM,baseline,117,0,NONE,0,388,512,0,NONE,,,
exp_vnext_ollama_512/runs_500_hum_sensitive_baseline/baseline/HUM/seed_118.jsonl,HUM,baseline,118,0,NONE,0,290,512,0,NONE,,,
exp_vnext_ollama_512/runs_500_hum_sensitive_baseline/baseline/HUM/seed_119.jsonl,HUM,baseline,119,0,NONE,0,415,512,0,NONE,,,
exp_vnext_ollama_512/runs_500_hum_sensitive_baseline/baseline/HUM/seed_120.jsonl,HUM,baseline,120,0,NONE,0,363,512,0,NONE,,,
exp_vnext_ollama_512/runs_500_hum_sensitive_baseline/baseline/HUM/seed_121.jsonl,HUM,baseline,121,1,REP,0,320,370,0,NONE,,,
exp_vnext_ollama_512/runs_500_hum_sensitive_baseline/baseline/HUM/seed_122.jsonl,HUM,baseline,122,0,NONE,0,360,512,0,NONE,,,
exp_vnext_ollama_512/runs_500_hum_sensitive_baseline/baseline/HUM/seed_123.jsonl,HUM,baseline,123,0,NONE,0,363,512,0,NONE,,,
exp_vnext_ollama_512/runs_500_hum_sensitive_baseline/baseline/HUM/seed_124.jsonl,HUM,baseline,124,0,NONE,0,315,512,0,NONE,,,
exp_vnext_ollama_512/runs_500_hum_sensitive_baseline/baseline/HUM/seed_125.jsonl,HUM,baseline,125,0,NONE,0,380,512,0,NONE,,,
exp_vnext_ollama_512/runs_500_hum_sensitive_baseline/baseline/HUM/seed_126.jsonl,HUM,baseline,126,0,NONE,0,410,512,0,NONE,,,
exp_vnext_ollama_512/runs_500_hum_sensitive_baseline/baseline/HUM/seed_127.jsonl,HUM,baseline,127,0,NONE,0,357,512,0,NONE,,,
exp_vnext_ollama_512/runs_500_hum_sensitive_baseline/baseline/HUM/seed_128.jsonl,HUM,baseline,128,1,REP,0,197,288,0,NONE,,,
exp_vnext_ollama_512/runs_500_hum_sensitive_baseline/baseline/HUM/seed_129.jsonl,HUM,baseline,129,0,NONE,0,382,512,0,NONE,,,
exp_vnext_ollama_512/runs_500_hum_sensitive_baseline/baseline/HUM/seed_130.jsonl,HUM,baseline,130,0,NONE,0,410,512,0,NONE,,,
exp_vnext_ollama_512/runs_500_hum_sensitive_baseline/baseline/HUM/seed_131.jsonl,HUM,baseline,131,0,NONE,0,386,512,0,NONE,,,
exp_vnext_ollama_512/runs_500_hum_sensitive_baseline/baseline/HUM/seed_132.jsonl,HUM,baseline,132,0,NONE,0,324,512,0,NONE,,,
exp_vnext_ollama_512/runs_500_hum_sensitive_baseline/baseline/HUM/seed_133.jsonl,HUM,baseline,133,0,NONE,0,431,512,0,NONE,,,
exp_vnext_ollama_512/runs_500_hum_sensitive_baseline/baseline/HUM/seed_134.jsonl,HUM,baseline,134,0,NONE,0,366,512,0,NONE,,,
exp_vnext_ollama_512/runs_500_hum_sensitive_baseline/baseline/HUM/seed_135.jsonl,HUM,baseline,135,1,REP,0,169,204,0,NONE,,,
exp_vnext_ollama_512/runs_500_hum_sensitive_baseline/baseline/HUM/seed_136.jsonl,HUM,baseline,136,0,NONE,0,359,512,0,NONE,,,
exp_vnext_ollama_512/runs_500_hum_sensitive_baseline/baseline/HUM/seed_137.jsonl,HUM,baseline,137,0,NONE,0,432,512,0,NONE,,,
exp_vnext_ollama_512/runs_500_hum_sensitive_baseline/baseline/HUM/seed_138.jsonl,HUM,baseline,138,0,NONE,0,340,512,0,NONE,,,
exp_vnext_ollama_512/runs_500_hum_sensitive_baseline/baseline/HUM/seed_139.jsonl,HUM,baseline,139,1,REP,0,275,327,0,NONE,,,
exp_vnext_ollama_512/runs_500_hum_sensitive_baseline/baseline/HUM/seed_140.jsonl,HUM,baseline,140,0,NONE,0,375,512,0,NONE,,,
exp_vnext_ollama_512/runs_500_hum_sensitive_baseline/baseline/HUM/seed_141.jsonl,HUM,baseline,141,0,NONE,0,345,512,0,NONE,,,
exp_vnext_ollama_512/runs_500_hum_sensitive_baseline/baseline/HUM/seed_142.jsonl,HUM,baseline,142,0,NONE,0,381,512,0,NONE,,,
exp_vnext_ollama_512/runs_500_hum_sensitive_baseline/baseline/HUM/seed_143.jsonl,HUM,baseline,143,0,NONE,0,376,512,0,NONE,,,
exp_vnext_ollama_512/runs_500_hum_sensitive_baseline/baseline/HUM/seed_144.jsonl,HUM,baseline,144,0,NONE,0,422,512,0,NONE,,,
exp_vnext_ollama_512/runs_500_hum_sensitive_baseline/baseline/HUM/seed_145.jsonl,HUM,baseline,145,0,NONE,0,410,512,0,NONE,,,
exp_vnext_ollama_512/runs_500_hum_sensitive_baseline/baseline/HUM/seed_146.jsonl,HUM,baseline,146,0,NONE,0,325,512,0,NONE,,,
exp_vnext_ollama_512/runs_500_hum_sensitive_baseline/baseline/HUM/seed_147.jsonl,HUM,baseline,147,0,NONE,0,389,512,0,NONE,,,
exp_vnext_ollama_512/runs_500_hum_sensitive_baseline/baseline/HUM/seed_148.jsonl,HUM,baseline,148,0,NONE,0,370,512,0,NONE,,,
exp_vnext_ollama_512/runs_500_hum_sensitive_baseline/baseline/HUM/seed_149.jsonl,HUM,baseline,149,1,REP,0,319,384,0,NONE,,,
exp_vnext_ollama_512/runs_500_hum_sensitive_baseline/baseline/HUM/seed_150.jsonl,HUM,baseline,150,0,NONE,0,385,512,0,NONE,,,
exp_vnext_ollama_512/runs_500_hum_sensitive_baseline/baseline/HUM/seed_151.jsonl,HUM,baseline,151,0,NONE,0,330,512,0,NONE,,,
exp_vnext_ollama_512/runs_500_hum_sensitive_baseline/baseline/HUM/seed_152.jsonl,HUM,baseline,152,0,NONE,0,399,512,0,NONE,,,
exp_vnext_ollama_512/runs_500_hum_sensitive_baseline/baseline/HUM/seed_153.jsonl,HUM,baseline,153,1,REP,0,346,471,0,NONE,,,
exp_vnext_ollama_512/runs_500_hum_sensitive_baseline/baseline/HUM/seed_154.jsonl,HUM,baseline,154,0,NONE,0,403,512,0,NONE,,,
exp_vnext_ollama_512/runs_500_hum_sensitive_baseline/baseline/HUM/seed_155.jsonl,HUM,baseline,155,0,NONE,0,311,512,0,NONE,,,
exp_vnext_ollama_512/runs_500_hum_sensitive_baseline/baseline/HUM/seed_156.jsonl,HUM,baseline,156,0,NONE,0,435,512,0,NONE,,,
exp_vnext_ollama_512/runs_500_hum_sensitive_baseline/baseline/HUM/seed_157.jsonl,HUM,baseline,157,0,NONE,0,355,512,0,NONE,,,
exp_vnext_ollama_512/runs_500_hum_sensitive_baseline/baseline/HUM/seed_158.jsonl,HUM,baseline,158,0,NONE,0,310,512,0,NONE,,,
exp_vnext_ollama_512/runs_500_hum_sensitive_baseline/baseline/HUM/seed_159.jsonl,HUM,baseline,159,1,REP,0,346,455,0,NONE,,,
exp_vnext_ollama_512/runs_500_hum_sensitive_baseline/baseline/HUM/seed_160.jsonl,HUM,baseline,160,0,NONE,0,388,512,0,NONE,,,
exp_vnext_ollama_512/runs_500_hum_sensitive_baseline/baseline/HUM/seed_161.jsonl,HUM,baseline,161,1,REP,0,265,310,0,NONE,,,
exp_vnext_ollama_512/runs_500_hum_sensitive_baseline/baseline/HUM/seed_162.jsonl,HUM,baseline,162,1,REP,0,311,477,0,NONE,,,
exp_vnext_ollama_512/runs_500_hum_sensitive_baseline/baseline/HUM/seed_163.jsonl,HUM,baseline,163,0,NONE,0,356,512,0,NONE,,,
exp_vnext_ollama_512/runs_500_hum_sensitive_baseline/baseline/HUM/seed_164.jsonl,HUM,baseline,164,0,NONE,0,321,512,0,NONE,,,
exp_vnext_ollama_512/runs_500_hum_sensitive_baseline/baseline/HUM/seed_165.jsonl,HUM,baseline,165,0,NONE,0,392,512,0,NONE,,,
exp_vnext_ollama_512/runs_500_hum_sensitive_baseline/baseline/HUM/seed_166.jsonl,HUM,baseline,166,0,NONE,0,376,512,0,NONE,,,
exp_vnext_ollama_512/runs_500_hum_sensitive_baseline/baseline/HUM/seed_167.jsonl,HUM,baseline,167,0,NONE,0,346,512,0,NONE,,,
exp_vnext_ollama_512/runs_500_hum_sensitive_baseline/baseline/HUM/seed_168.jsonl,HUM,baseline,168,1,REP,0,249,384,0,NONE,,,
exp_vnext_ollama_512/runs_500_hum_sensitive_baseline/baseline/HUM/seed_169.jsonl,HUM,baseline,169,0,NONE,0,384,512,0,NONE,,,
exp_vnext_ollama_512/runs_500_hum_sensitive_baseline/baseline/HUM/seed_170.jsonl,HUM,baseline,170,0,NONE,0,410,512,0,NONE,,,
exp_vnext_ollama_512/runs_500_hum_sensitive_baseline/baseline/HUM/seed_171.jsonl,HUM,baseline,171,0,NONE,0,378,512,0,NONE,,,
exp_vnext_ollama_512/runs_500_hum_sensitive_baseline/baseline/HUM/seed_172.jsonl,HUM,baseline,172,0,NONE,0,369,512,0,NONE,,,
exp_vnext_ollama_512/runs_500_hum_sensitive_baseline/baseline/HUM/seed_173.jsonl,HUM,baseline,173,0,NONE,0,404,512,0,NONE,,,
exp_vnext_ollama_512/runs_500_hum_sensitive_baseline/baseline/HUM/seed_174.jsonl,HUM,baseline,174,0,NONE,0,359,512,0,NONE,,,
exp_vnext_ollama_512/runs_500_hum_sensitive_baseline/baseline/HUM/seed_175.jsonl,HUM,baseline,175,1,REP,0,235,325,0,NONE,,,
exp_vnext_ollama_512/runs_500_hum_sensitive_baseline/baseline/HUM/seed_176.jsonl,HUM,baseline,176,0,NONE,0,395,512,0,NONE,,,
exp_vnext_ollama_512/runs_500_hum_sensitive_baseline/baseline/HUM/seed_177.jsonl,HUM,baseline,177,0,NONE,0,459,512,0,NONE,,,
exp_vnext_ollama_512/runs_500_hum_sensitive_baseline/baseline/HUM/seed_178.jsonl,HUM,baseline,178,0,NONE,0,317,512,0,NONE,,,
exp_vnext_ollama_512/runs_500_hum_sensitive_baseline/baseline/HUM/seed_179.jsonl,HUM,baseline,179,1,REP,0,381,458,0,NONE,,,
exp_vnext_ollama_512/runs_500_hum_sensitive_baseline/baseline/HUM/seed_180.jsonl,HUM,baseline,180,0,NONE,0,377,512,0,NONE,,,
exp_vnext_ollama_512/runs_500_hum_sensitive_baseline/baseline/HUM/seed_181.jsonl,HUM,baseline,181,0,NONE,0,313,512,0,NONE,,,
exp_vnext_ollama_512/runs_500_hum_sensitive_baseline/baseline/HUM/seed_182.jsonl,HUM,baseline,182,0,NONE,0,388,512,0,NONE,,,
exp_vnext_ollama_512/runs_500_hum_sensitive_baseline/baseline/HUM/seed_183.jsonl,HUM,baseline,183,0,NONE,0,356,512,0,NONE,,,
exp_vnext_ollama_512/runs_500_hum_sensitive_baseline/baseline/HUM/seed_184.jsonl,HUM,baseline,184,0,NONE,0,405,512,0,NONE,,,
exp_vnext_ollama_512/runs_500_hum_sensitive_baseline/baseline/HUM/seed_185.jsonl,HUM,baseline,185,0,NONE,0,425,512,0,NONE,,,
exp_vnext_ollama_512/runs_500_hum_sensitive_baseline/baseline/HUM/seed_186.jsonl,HUM,baseline,186,0,NONE,0,340,512,0,NONE,,,
exp_vnext_ollama_512/runs_500_hum_sensitive_baseline/baseline/HUM/seed_187.jsonl,HUM,baseline,187,0,NONE,0,405,512,0,NONE,,,
exp_vnext_ollama_512/runs_500_hum_sensitive_baseline/baseline/HUM/seed_188.jsonl,HUM,baseline,188,0,NONE,0,401,512,0,NONE,,,
exp_vnext_ollama_512/runs_500_hum_sensitive_baseline/baseline/HUM/seed_189.jsonl,HUM,baseline,189,0,NONE,0,395,512,0,NONE,,,
exp_vnext_ollama_512/runs_500_hum_sensitive_baseline/baseline/HUM/seed_190.jsonl,HUM,baseline,190,0,NONE,0,389,512,0,NONE,,,
exp_vnext_ollama_512/runs_500_hum_sensitive_baseline/baseline/HUM/seed_191.jsonl,HUM,baseline,191,0,NONE,0,371,512,0,NONE,,,
exp_vnext_ollama_512/runs_500_hum_sensitive_baseline/baseline/HUM/seed_192.jsonl,HUM,baseline,192,0,NONE,0,379,512,0,NONE,,,
exp_vnext_ollama_512/runs_500_hum_sensitive_baseline/baseline/HUM/seed_193.jsonl,HUM,baseline,193,1,REP,0,363,501,0,NONE,,,
exp_vnext_ollama_512/runs_500_hum_sensitive_baseline/baseline/HUM/seed_194.jsonl,HUM,baseline,194,0,NONE,0,402,512,0,NONE,,,
exp_vnext_ollama_512/runs_500_hum_sensitive_baseline/baseline/HUM/seed_195.jsonl,HUM,baseline,195,1,REP,0,238,384,0,NONE,,,
exp_vnext_ollama_512/runs_500_hum_sensitive_baseline/baseline/HUM/seed_196.jsonl,HUM,baseline,196,0,NONE,0,366,512,0,NONE,,,
exp_vnext_ollama_512/runs_500_hum_sensitive_baseline/baseline/HUM/seed_197.jsonl,HUM,baseline,197,0,NONE,0,386,512,0,NONE,,,
exp_vnext_ollama_512/runs_500_hum_sensitive_baseline/baseline/HUM/seed_198.jsonl,HUM,baseline,198,0,NONE,0,358,512,0,NONE,,,
exp_vnext_ollama_512/runs_500_hum_sensitive_baseline/baseline/HUM/seed_199.jsonl,HUM,baseline,199,0,NONE,0,367,512,0,NONE,,,
exp_vnext_ollama_512/runs_500_hum_sensitive_baseline/baseline/HUM/seed_200.jsonl,HUM,baseline,200,0,NONE,0,386,512,0,NONE,,,
exp_vnext_ollama_512/runs_500_hum_sensitive_baseline/baseline/HUM/seed_201.jsonl,HUM,baseline,201,0,NONE,0,396,512,0,NONE,,,
exp_vnext_ollama_512/runs_500_hum_sensitive_baseline/baseline/HUM/seed_202.jsonl,HUM,baseline,202,0,NONE,0,368,512,0,NONE,,,
exp_vnext_ollama_512/runs_500_hum_sensitive_baseline/baseline/HUM/seed_203.jsonl,HUM,baseline,203,0,NONE,0,365,512,0,NONE,,,
exp_vnext_ollama_512/runs_500_hum_sensitive_baseline/baseline/HUM/seed_204.jsonl,HUM,baseline,204,0,NONE,0,344,512,0,NONE,,,
exp_vnext_ollama_512/runs_500_hum_sensitive_baseline/baseline/HUM/seed_205.jsonl,HUM,baseline,205,0,NONE,0,373,512,0,NONE,,,
exp_vnext_ollama_512/runs_500_hum_sensitive_baseline/baseline/HUM/seed_206.jsonl,HUM,baseline,206,0,NONE,0,398,512,0,NONE,,,
exp_vnext_ollama_512/runs_500_hum_sensitive_baseline/baseline/HUM/seed_207.jsonl,HUM,baseline,207,0,NONE,0,380,512,0,NONE,,,
exp_vnext_ollama_512/runs_500_hum_sensitive_baseline/baseline/HUM/seed_208.jsonl,HUM,baseline,208,1,REP,0,136,230,0,NONE,,,
exp_vnext_ollama_512/runs_500_hum_sensitive_baseline/baseline/HUM/seed_209.jsonl,HUM,baseline,209,0,NONE,0,335,512,0,NONE,,,
exp_vnext_ollama_512/runs_500_hum_sensitive_baseline/baseline/HUM/seed_210.jsonl,HUM,baseline,210,0,NONE,0,399,512,0,NONE,,,
exp_vnext_ollama_512/runs_500_hum_sensitive_baseline/baseline/HUM/seed_211.jsonl,HUM,baseline,211,0,NONE,0,314,512,0,NONE,,,
exp_vnext_ollama_512/runs_500_hum_sensitive_baseline/baseline/HUM/seed_212.jsonl,HUM,baseline,212,0,NONE,0,339,512,0,NONE,,,
exp_vnext_ollama_512/runs_500_hum_sensitive_baseline/baseline/HUM/seed_213.jsonl,HUM,baseline,213,0,NONE,0,413,512,0,NONE,,,
exp_vnext_ollama_512/runs_500_hum_sensitive_baseline/baseline/HUM/seed_214.jsonl,HUM,baseline,214,0,NONE,0,394,512,0,NONE,,,
exp_vnext_ollama_512/runs_500_hum_sensitive_baseline/baseline/HUM/seed_215.jsonl,HUM,baseline,215,1,REP,0,199,240,0,NONE,,,
exp_vnext_ollama_512/runs_500_hum_sensitive_baseline/baseline/HUM/seed_216.jsonl,HUM,baseline,216,0,NONE,0,373,512,0,NONE,,,
exp_vnext_ollama_512/runs_500_hum_sensitive_baseline/baseline/HUM/seed_217.jsonl,HUM,baseline,217,0,NONE,0,432,512,0,NONE,,,
exp_vnext_ollama_512/runs_500_hum_sensitive_baseline/baseline/HUM/seed_218.jsonl,HUM,baseline,218,0,NONE,0,323,512,0,NONE,,,
exp_vnext_ollama_512/runs_500_hum_sensitive_baseline/baseline/HUM/seed_219.jsonl,HUM,baseline,219,0,NONE,0,412,512,0,NONE,,,
exp_vnext_ollama_512/runs_500_hum_sensitive_baseline/baseline/HUM/seed_220.jsonl,HUM,baseline,220,0,NONE,0,384,512,0,NONE,,,
exp_vnext_ollama_512/runs_500_hum_sensitive_baseline/baseline/HUM/seed_221.jsonl,HUM,baseline,221,0,NONE,0,364,512,0,NONE,,,
exp_vnext_ollama_512/runs_500_hum_sensitive_baseline/baseline/HUM/seed_222.jsonl,HUM,baseline,222,0,NONE,0,388,512,0,NONE,,,
exp_vnext_ollama_512/runs_500_hum_sensitive_baseline/baseline/HUM/seed_223.jsonl,HUM,baseline,223,0,NONE,0,362,512,0,NONE,,,
exp_vnext_ollama_512/runs_500_hum_sensitive_baseline/baseline/HUM/seed_224.jsonl,HUM,baseline,224,0,NONE,0,398,512,0,NONE,,,
exp_vnext_ollama_512/runs_500_hum_sensitive_baseline/baseline/HUM/seed_225.jsonl,HUM,baseline,225,0,NONE,0,380,512,0,NONE,,,
exp_vnext_ollama_512/runs_500_hum_sensitive_baseline/baseline/HUM/seed_226.jsonl,HUM,baseline,226,0,NONE,0,360,512,0,NONE,,,
exp_vnext_ollama_512/runs_500_hum_sensitive_baseline/baseline/HUM/seed_227.jsonl,HUM,baseline,227,0,NONE,0,404,512,0,NONE,,,
exp_vnext_ollama_512/runs_500_hum_sensitive_baseline/baseline/HUM/seed_228.jsonl,HUM,baseline,228,0,NONE,0,375,512,0,NONE,,,
exp_vnext_ollama_512/runs_500_hum_sensitive_baseline/baseline/HUM/seed_229.jsonl,HUM,baseline,229,0,NONE,0,403,512,0,NONE,,,
exp_vnext_ollama_512/runs_500_hum_sensitive_baseline/baseline/HUM/seed_230.jsonl,HUM,baseline,230,0,NONE,0,367,512,0,NONE,,,
exp_vnext_ollama_512/runs_500_hum_sensitive_baseline/baseline/HUM/seed_231.jsonl,HUM,baseline,231,0,NONE,0,382,512,0,NONE,,,
exp_vnext_ollama_512/runs_500_hum_sensitive_baseline/baseline/HUM/seed_232.jsonl,HUM,baseline,232,0,NONE,0,376,512,0,NONE,,,
exp_vnext_ollama_512/runs_500_hum_sensitive_baseline/baseline/HUM/seed_233.jsonl,HUM,baseline,233,0,NONE,0,399,512,0,NONE,,,
exp_vnext_ollama_512/runs_500_hum_sensitive_baseline/baseline/HUM/seed_234.jsonl,HUM,baseline,234,0,NONE,0,449,512,0,NONE,,,
exp_vnext_ollama_512/runs_500_hum_sensitive_baseline/baseline/HUM/seed_235.jsonl,HUM,baseline,235,1,REP,0,294,448,0,NONE,,,
exp_vnext_ollama_512/runs_500_hum_sensitive_baseline/baseline/HUM/seed_236.jsonl,HUM,baseline,236,0,NONE,0,376,512,0,NONE,,,
exp_vnext_ollama_512/runs_500_hum_sensitive_baseline/baseline/HUM/seed_237.jsonl,HUM,baseline,237,0,NONE,0,384,512,0,NONE,,,
exp_vnext_ollama_512/runs_500_hum_sensitive_baseline/baseline/HUM/seed_238.jsonl,HUM,baseline,238,0,NONE,0,308,512,0,NONE,,,
exp_vnext_ollama_512/runs_500_hum_sensitive_baseline/baseline/HUM/seed_239.jsonl,HUM,baseline,239,1,REP,0,285,380,0,NONE,,,
exp_vnext_ollama_512/runs_500_hum_sensitive_baseline/baseline/HUM/seed_240.jsonl,HUM,baseline,240,0,NONE,0,367,512,0,NONE,,,
exp_vnext_ollama_512/runs_500_hum_sensitive_baseline/baseline/HUM/seed_241.jsonl,HUM,baseline,241,0,NONE,0,334,512,0,NONE,,,
exp_vnext_ollama_512/runs_500_hum_sensitive_baseline/baseline/HUM/seed_242.jsonl,HUM,baseline,242,0,NONE,0,357,512,0,NONE,,,
exp_vnext_ollama_512/runs_500_hum_sensitive_baseline/baseline/HUM/seed_243.jsonl,HUM,baseline,243,0,NONE,0,374,512,0,NONE,,,
exp_vnext_ollama_512/runs_500_hum_sensitive_baseline/baseline/HUM/seed_244.jsonl,HUM,baseline,244,0,NONE,0,314,512,0,NONE,,,
exp_vnext_ollama_512/runs_500_hum_sensitive_baseline/baseline/HUM/seed_245.jsonl,HUM,baseline,245,0,NONE,0,384,512,0,NONE,,,
exp_vnext_ollama_512/runs_500_hum_sensitive_baseline/baseline/HUM/seed_246.jsonl,HUM,baseline,246,0,NONE,0,385,512,0,NONE,,,
exp_vnext_ollama_512/runs_500_hum_sensitive_baseline/baseline/HUM/seed_247.jsonl,HUM,baseline,247,0,NONE,0,373,512,0,NONE,,,
exp_vnext_ollama_512/runs_500_hum_sensitive_baseline/baseline/HUM/seed_248.jsonl,HUM,baseline,248,1,REP,0,237,320,0,NONE,,,
exp_vnext_ollama_512/runs_500_hum_sensitive_baseline/baseline/HUM/seed_249.jsonl,HUM,baseline,249,0,NONE,0,356,512,0,NONE,,,
exp_vnext_ollama_512/runs_500_hum_sensitive_baseline/baseline/HUM/seed_250.jsonl,HUM,baseline,250,0,NONE,0,401,512,0,NONE,,,
exp_vnext_ollama_512/runs_500_hum_sensitive_baseline/baseline/HUM/seed_251.jsonl,HUM,baseline,251,0,NONE,0,390,512,0,NONE,,,
exp_vnext_ollama_512/runs_500_hum_sensitive_baseline/baseline/HUM/seed_252.jsonl,HUM,baseline,252,0,NONE,0,287,422,1,EMPTY_CHUNK,,,
exp_vnext_ollama_512/runs_500_hum_sensitive_baseline/baseline/HUM/seed_253.jsonl,HUM,baseline,253,0,NONE,0,404,512,0,NONE,,,
exp_vnext_ollama_512/runs_500_hum_sensitive_baseline/baseline/HUM/seed_254.jsonl,HUM,baseline,254,0,NONE,0,371,512,0,NONE,,,
exp_vnext_ollama_512/runs_500_hum_sensitive_baseline/baseline/HUM/seed_255.jsonl,HUM,baseline,255,1,REP,0,192,240,0,NONE,,,
exp_vnext_ollama_512/runs_500_hum_sensitive_baseline/baseline/HUM/seed_256.jsonl,HUM,baseline,256,0,NONE,0,407,512,0,NONE,,,
exp_vnext_ollama_512/runs_500_hum_sensitive_baseline/baseline/HUM/seed_257.jsonl,HUM,baseline,257,0,NONE,0,429,512,0,NONE,,,
exp_vnext_ollama_512/runs_500_hum_sensitive_baseline/baseline/HUM/seed_258.jsonl,HUM,baseline,258,0,NONE,0,311,512,0,NONE,,,
exp_vnext_ollama_512/runs_500_hum_sensitive_baseline/baseline/HUM/seed_259.jsonl,HUM,baseline,259,1,REP,0,375,477,0,NONE,,,
exp_vnext_ollama_512/runs_500_hum_sensitive_baseline/baseline/HUM/seed_260.jsonl,HUM,baseline,260,0,NONE,0,372,512,0,NONE,,,
exp_vnext_ollama_512/runs_500_hum_sensitive_baseline/baseline/HUM/seed_261.jsonl,HUM,baseline,261,0,NONE,0,362,512,0,NONE,,,
exp_vnext_ollama_512/runs_500_hum_sensitive_baseline/baseline/HUM/seed_262.jsonl,HUM,baseline,262,0,NONE,0,361,512,0,NONE,,,
exp_vnext_ollama_512/runs_500_hum_sensitive_baseline/baseline/HUM/seed_263.jsonl,HUM,baseline,263,0,NONE,0,356,512,0,NONE,,,
exp_vnext_ollama_512/runs_500_hum_sensitive_baseline/baseline/HUM/seed_264.jsonl,HUM,baseline,264,0,NONE,0,395,512,0,NONE,,,
exp_vnext_ollama_512/runs_500_hum_sensitive_baseline/baseline/HUM/seed_265.jsonl,HUM,baseline,265,0,NONE,0,408,512,0,NONE,,,
exp_vnext_ollama_512/runs_500_hum_sensitive_baseline/baseline/HUM/seed_266.jsonl,HUM,baseline,266,0,NONE,0,358,512,0,NONE,,,
exp_vnext_ollama_512/runs_500_hum_sensitive_baseline/baseline/HUM/seed_267.jsonl,HUM,baseline,267,0,NONE,0,370,512,0,NONE,,,
exp_vnext_ollama_512/runs_500_hum_sensitive_baseline/baseline/HUM/seed_268.jsonl,HUM,baseline,268,0,NONE,0,365,512,0,NONE,,,
exp_vnext_ollama_512/runs_500_hum_sensitive_baseline/baseline/HUM/seed_269.jsonl,HUM,baseline,269,0,NONE,0,410,512,0,NONE,,,
exp_vnext_ollama_512/runs_500_hum_sensitive_baseline/baseline/HUM/seed_270.jsonl,HUM,baseline,270,0,NONE,0,406,512,0,NONE,,,
exp_vnext_ollama_512/runs_500_hum_sensitive_baseline/baseline/HUM/seed_271.jsonl,HUM,baseline,271,0,NONE,0,347,512,0,NONE,,,
exp_vnext_ollama_512/runs_500_hum_sensitive_baseline/baseline/HUM/seed_272.jsonl,HUM,baseline,272,0,NONE,0,397,512,0,NONE,,,
exp_vnext_ollama_512/runs_500_hum_sensitive_baseline/baseline/HUM/seed_273.jsonl,HUM,baseline,273,0,NONE,0,416,512,0,NONE,,,
exp_vnext_ollama_512/runs_500_hum_sensitive_baseline/baseline/HUM/seed_274.jsonl,HUM,baseline,274,0,NONE,0,405,512,0,NONE,,,
exp_vnext_ollama_512/runs_500_hum_sensitive_baseline/baseline/HUM/seed_275.jsonl,HUM,baseline,275,0,NONE,0,324,512,0,NONE,,,
exp_vnext_ollama_512/runs_500_hum_sensitive_baseline/baseline/HUM/seed_276.jsonl,HUM,baseline,276,1,REP,0,293,413,0,NONE,,,
exp_vnext_ollama_512/runs_500_hum_sensitive_baseline/baseline/HUM/seed_277.jsonl,HUM,baseline,277,0,NONE,0,349,512,0,NONE,,,
exp_vnext_ollama_512/runs_500_hum_sensitive_baseline/baseline/HUM/seed_278.jsonl,HUM,baseline,278,0,NONE,0,280,512,0,NONE,,,
exp_vnext_ollama_512/runs_500_hum_sensitive_baseline/baseline/HUM/seed_279.jsonl,HUM,baseline,279,0,NONE,0,394,512,0,NONE,,,
exp_vnext_ollama_512/runs_500_hum_sensitive_baseline/baseline/HUM/seed_280.jsonl,HUM,baseline,280,0,NONE,0,382,512,0,NONE,,,
exp_vnext_ollama_512/runs_500_hum_sensitive_baseline/baseline/HUM/seed_281.jsonl,HUM,baseline,281,1,REP,0,113,136,0,NONE,,,
exp_vnext_ollama_512/runs_500_hum_sensitive_baseline/baseline/HUM/seed_282.jsonl,HUM,baseline,282,0,NONE,0,349,512,0,NONE,,,
exp_vnext_ollama_512/runs_500_hum_sensitive_baseline/baseline/HUM/seed_283.jsonl,HUM,baseline,283,0,NONE,0,375,512,0,NONE,,,
exp_vnext_ollama_512/runs_500_hum_sensitive_baseline/baseline/HUM/seed_284.jsonl,HUM,baseline,284,0,NONE,0,305,512,0,NONE,,,
exp_vnext_ollama_512/runs_500_hum_sensitive_baseline/baseline/HUM/seed_285.jsonl,HUM,baseline,285,0,NONE,0,384,512,0,NONE,,,
exp_vnext_ollama_512/runs_500_hum_sensitive_baseline/baseline/HUM/seed_286.jsonl,HUM,baseline,286,0,NONE,0,389,512,0,NONE,,,
exp_vnext_ollama_512/runs_500_hum_sensitive_baseline/baseline/HUM/seed_287.jsonl,HUM,baseline,287,0,NONE,0,367,512,0,NONE,,,
exp_vnext_ollama_512/runs_500_hum_sensitive_baseline/baseline/HUM/seed_288.jsonl,HUM,baseline,288,1,REP,0,268,334,0,NONE,,,
exp_vnext_ollama_512/runs_500_hum_sensitive_baseline/baseline/HUM/seed_289.jsonl,HUM,baseline,289,0,NONE,0,357,512,0,NONE,,,
exp_vnext_ollama_512/runs_500_hum_sensitive_baseline/baseline/HUM/seed_290.jsonl,HUM,baseline,290,0,NONE,0,412,512,0,NONE,,,
exp_vnext_ollama_512/runs_500_hum_sensitive_baseline/baseline/HUM/seed_291.jsonl,HUM,baseline,291,0,NONE,0,353,512,0,NONE,,,
exp_vnext_ollama_512/runs_500_hum_sensitive_baseline/baseline/HUM/seed_292.jsonl,HUM,baseline,292,0,NONE,0,292,512,0,NONE,,,
exp_vnext_ollama_512/runs_500_hum_sensitive_baseline/baseline/HUM/seed_293.jsonl,HUM,baseline,293,0,NONE,0,373,512,0,NONE,,,
exp_vnext_ollama_512/runs_500_hum_sensitive_baseline/baseline/HUM/seed_294.jsonl,HUM,baseline,294,0,NONE,0,372,512,0,NONE,,,
exp_vnext_ollama_512/runs_500_hum_sensitive_baseline/baseline/HUM/seed_295.jsonl,HUM,baseline,295,1,REP,0,224,271,0,NONE,,,
exp_vnext_ollama_512/runs_500_hum_sensitive_baseline/baseline/HUM/seed_296.jsonl,HUM,baseline,296,0,NONE,0,394,512,0,NONE,,,
exp_vnext_ollama_512/runs_500_hum_sensitive_baseline/baseline/HUM/seed_297.jsonl,HUM,baseline,297,0,NONE,0,427,512,0,NONE,,,
exp_vnext_ollama_512/runs_500_hum_sensitive_baseline/baseline/HUM/seed_298.jsonl,HUM,baseline,298,0,NONE,0,344,512,0,NONE,,,
exp_vnext_ollama_512/runs_500_hum_sensitive_baseline/baseline/HUM/seed_299.jsonl,HUM,baseline,299,1,REP,0,283,344,0,NONE,,,
exp_vnext_ollama_512/runs_500_hum_sensitive_baseline/baseline/HUM/seed_300.jsonl,HUM,baseline,300,0,NONE,0,335,512,0,NONE,,,
exp_vnext_ollama_512/runs_500_hum_sensitive_baseline/baseline/HUM/seed_301.jsonl,HUM,baseline,301,0,NONE,0,323,512,0,NONE,,,
exp_vnext_ollama_512/runs_500_hum_sensitive_baseline/baseline/HUM/seed_302.jsonl,HUM,baseline,302,0,NONE,0,382,512,0,NONE,,,
exp_vnext_ollama_512/runs_500_hum_sensitive_baseline/baseline/HUM/seed_303.jsonl,HUM,baseline,303,0,NONE,0,380,512,0,NONE,,,
exp_vnext_ollama_512/runs_500_hum_sensitive_baseline/baseline/HUM/seed_304.jsonl,HUM,baseline,304,0,NONE,0,394,512,0,NONE,,,
exp_vnext_ollama_512/runs_500_hum_sensitive_baseline/baseline/HUM/seed_305.jsonl,HUM,baseline,305,0,NONE,0,434,512,0,NONE,,,
exp_vnext_ollama_512/runs_500_hum_sensitive_baseline/baseline/HUM/seed_306.jsonl,HUM,baseline,306,0,NONE,0,366,512,0,NONE,,,
exp_vnext_ollama_512/runs_500_hum_sensitive_baseline/baseline/HUM/seed_307.jsonl,HUM,baseline,307,0,NONE,0,368,512,0,NONE,,,
exp_vnext_ollama_512/runs_500_hum_sensitive_baseline/baseline/HUM/seed_308.jsonl,HUM,baseline,308,0,NONE,0,354,512,0,NONE,,,
exp_vnext_ollama_512/runs_500_hum_sensitive_baseline/baseline/HUM/seed_309.jsonl,HUM,baseline,309,0,NONE,0,399,512,0,NONE,,,
exp_vnext_ollama_512/runs_500_hum_sensitive_baseline/baseline/HUM/seed_310.jsonl,HUM,baseline,310,0,NONE,0,390,512,0,NONE,,,
exp_vnext_ollama_512/runs_500_hum_sensitive_baseline/baseline/HUM/seed_311.jsonl,HUM,baseline,311,0,NONE,0,365,512,0,NONE,,,
exp_vnext_ollama_512/runs_500_hum_sensitive_baseline/baseline/HUM/seed_312.jsonl,HUM,baseline,312,0,NONE,0,404,512,0,NONE,,,
exp_vnext_ollama_512/runs_500_hum_sensitive_baseline/baseline/HUM/seed_313.jsonl,HUM,baseline,313,0,NONE,0,430,512,0,NONE,,,
exp_vnext_ollama_512/runs_500_hum_sensitive_baseline/baseline/HUM/seed_314.jsonl,HUM,baseline,314,0,NONE,0,389,512,0,NONE,,,
exp_vnext_ollama_512/runs_500_hum_sensitive_baseline/baseline/HUM/seed_315.jsonl,HUM,baseline,315,0,NONE,0,319,512,0,NONE,,,
exp_vnext_ollama_512/runs_500_hum_sensitive_baseline/baseline/HUM/seed_316.jsonl,HUM,baseline,316,0,NONE,0,405,512,0,NONE,,,
exp_vnext_ollama_512/runs_500_hum_sensitive_baseline/baseline/HUM/seed_317.jsonl,HUM,baseline,317,0,NONE,0,357,512,0,NONE,,,
exp_vnext_ollama_512/runs_500_hum_sensitive_baseline/baseline/HUM/seed_318.jsonl,HUM,baseline,318,0,NONE,0,393,512,0,NONE,,,
exp_vnext_ollama_512/runs_500_hum_sensitive_baseline/baseline/HUM/seed_319.jsonl,HUM,baseline,319,1,REP,0,292,392,0,NONE,,,
exp_vnext_ollama_512/runs_500_hum_sensitive_baseline/baseline/HUM/seed_320.jsonl,HUM,baseline,320,0,NONE,0,379,512,0,NONE,,,
exp_vnext_ollama_512/runs_500_hum_sensitive_baseline/baseline/HUM/seed_321.jsonl,HUM,baseline,321,1,REP,0,327,391,0,NONE,,,
exp_vnext_ollama_512/runs_500_hum_sensitive_baseline/baseline/HUM/seed_322.jsonl,HUM,baseline,322,0,NONE,0,343,512,0,NONE,,,
exp_vnext_ollama_512/runs_500_hum_sensitive_baseline/baseline/HUM/seed_323.jsonl,HUM,baseline,323,0,NONE,0,351,512,0,NONE,,,
exp_vnext_ollama_512/runs_500_hum_sensitive_baseline/baseline/HUM/seed_324.jsonl,HUM,baseline,324,0,NONE,0,323,512,0,NONE,,,
exp_vnext_ollama_512/runs_500_hum_sensitive_baseline/baseline/HUM/seed_325.jsonl,HUM,baseline,325,0,NONE,0,377,512,0,NONE,,,
exp_vnext_ollama_512/runs_500_hum_sensitive_baseline/baseline/HUM/seed_326.jsonl,HUM,baseline,326,0,NONE,0,377,512,0,NONE,,,
exp_vnext_ollama_512/runs_500_hum_sensitive_baseline/baseline/HUM/seed_327.jsonl,HUM,baseline,327,0,NONE,0,345,512,0,NONE,,,
exp_vnext_ollama_512/runs_500_hum_sensitive_baseline/baseline/HUM/seed_328.jsonl,HUM,baseline,328,1,REP,0,225,305,0,NONE,,,
exp_vnext_ollama_512/runs_500_hum_sensitive_baseline/baseline/HUM/seed_329.jsonl,HUM,baseline,329,0,NONE,0,358,512,0,NONE,,,
exp_vnext_ollama_512/runs_500_hum_sensitive_baseline/baseline/HUM/seed_330.jsonl,HUM,baseline,330,1,REP,0,370,429,0,NONE,,,
exp_vnext_ollama_512/runs_500_hum_sensitive_baseline/baseline/HUM/seed_331.jsonl,HUM,baseline,331,0,NONE,0,351,512,0,NONE,,,
exp_vnext_ollama_512/runs_500_hum_sensitive_baseline/baseline/HUM/seed_332.jsonl,HUM,baseline,332,0,NONE,0,301,512,0,NONE,,,
exp_vnext_ollama_512/runs_500_hum_sensitive_baseline/baseline/HUM/seed_333.jsonl,HUM,baseline,333,0,NONE,0,392,512,0,NONE,,,
exp_vnext_ollama_512/runs_500_hum_sensitive_baseline/baseline/HUM/seed_334.jsonl,HUM,baseline,334,0,NONE,0,381,512,0,NONE,,,
exp_vnext_ollama_512/runs_500_hum_sensitive_baseline/baseline/HUM/seed_335.jsonl,HUM,baseline,335,0,NONE,0,407,512,0,NONE,,,
exp_vnext_ollama_512/runs_500_hum_sensitive_baseline/baseline/HUM/seed_336.jsonl,HUM,baseline,336,0,NONE,0,366,512,0,NONE,,,
exp_vnext_ollama_512/runs_500_hum_sensitive_baseline/baseline/HUM/seed_337.jsonl,HUM,baseline,337,0,NONE,0,449,512,0,NONE,,,
exp_vnext_ollama_512/runs_500_hum_sensitive_baseline/baseline/HUM/seed_338.jsonl,HUM,baseline,338,0,NONE,0,317,512,0,NONE,,,
exp_vnext_ollama_512/runs_500_hum_sensitive_baseline/baseline/HUM/seed_339.jsonl,HUM,baseline,339,1,REP,0,350,437,0,NONE,,,
exp_vnext_ollama_512/runs_500_hum_sensitive_baseline/baseline/HUM/seed_340.jsonl,HUM,baseline,340,0,NONE,0,329,512,0,NONE,,,
exp_vnext_ollama_512/runs_500_hum_sensitive_baseline/baseline/HUM/seed_341.jsonl,HUM,baseline,341,0,NONE,0,366,512,0,NONE,,,
exp_vnext_ollama_512/runs_500_hum_sensitive_baseline/baseline/HUM/seed_342.jsonl,HUM,baseline,342,0,NONE,0,358,512,0,NONE,,,
exp_vnext_ollama_512/runs_500_hum_sensitive_baseline/baseline/HUM/seed_343.jsonl,HUM,baseline,343,0,NONE,0,361,512,0,NONE,,,
exp_vnext_ollama_512/runs_500_hum_sensitive_baseline/baseline/HUM/seed_344.jsonl,HUM,baseline,344,0,NONE,0,397,512,0,NONE,,,
exp_vnext_ollama_512/runs_500_hum_sensitive_baseline/baseline/HUM/seed_345.jsonl,HUM,baseline,345,0,NONE,0,437,512,0,NONE,,,
exp_vnext_ollama_512/runs_500_hum_sensitive_baseline/baseline/HUM/seed_346.jsonl,HUM,baseline,346,0,NONE,0,356,512,0,NONE,,,
exp_vnext_ollama_512/runs_500_hum_sensitive_baseline/baseline/HUM/seed_347.jsonl,HUM,baseline,347,0,NONE,0,379,512,0,NONE,,,
exp_vnext_ollama_512/runs_500_hum_sensitive_baseline/baseline/HUM/seed_348.jsonl,HUM,baseline,348,0,NONE,0,393,512,0,NONE,,,
exp_vnext_ollama_512/runs_500_hum_sensitive_baseline/baseline/HUM/seed_349.jsonl,HUM,baseline,349,0,NONE,0,405,512,0,NONE,,,
exp_vnext_ollama_512/runs_500_hum_sensitive_baseline/baseline/HUM/seed_350.jsonl,HUM,baseline,350,0,NONE,0,401,512,0,NONE,,,
exp_vnext_ollama_512/runs_500_hum_sensitive_baseline/baseline/HUM/seed_351.jsonl,HUM,baseline,351,0,NONE,0,408,512,0,NONE,,,
exp_vnext_ollama_512/runs_500_hum_sensitive_baseline/baseline/HUM/seed_352.jsonl,HUM,baseline,352,0,NONE,0,411,512,0,NONE,,,
exp_vnext_ollama_512/runs_500_hum_sensitive_baseline/baseline/HUM/seed_353.jsonl,HUM,baseline,353,0,NONE,0,323,512,0,NONE,,,
exp_vnext_ollama_512/runs_500_hum_sensitive_baseline/baseline/HUM/seed_354.jsonl,HUM,baseline,354,0,NONE,0,411,512,0,NONE,,,
exp_vnext_ollama_512/runs_500_hum_sensitive_baseline/baseline/HUM/seed_355.jsonl,HUM,baseline,355,0,NONE,0,362,512,0,NONE,,,
exp_vnext_ollama_512/runs_500_hum_sensitive_baseline/baseline/HUM/seed_356.jsonl,HUM,baseline,356,0,NONE,0,375,512,0,NONE,,,
exp_vnext_ollama_512/runs_500_hum_sensitive_baseline/baseline/HUM/seed_357.jsonl,HUM,baseline,357,0,NONE,0,374,512,0,NONE,,,
exp_vnext_ollama_512/runs_500_hum_sensitive_baseline/baseline/HUM/seed_358.jsonl,HUM,baseline,358,1,REP,0,327,448,0,NONE,,,
exp_vnext_ollama_512/runs_500_hum_sensitive_baseline/baseline/HUM/seed_359.jsonl,HUM,baseline,359,1,REP,0,313,418,0,NONE,,,
exp_vnext_ollama_512/runs_500_hum_sensitive_baseline/baseline/HUM/seed_360.jsonl,HUM,baseline,360,0,NONE,0,375,512,0,NONE,,,
exp_vnext_ollama_512/runs_500_hum_sensitive_baseline/baseline/HUM/seed_361.jsonl,HUM,baseline,361,0,NONE,0,408,512,0,NONE,,,
exp_vnext_ollama_512/runs_500_hum_sensitive_baseline/baseline/HUM/seed_362.jsonl,HUM,baseline,362,1,REP,0,115,150,0,NONE,,,
exp_vnext_ollama_512/runs_500_hum_sensitive_baseline/baseline/HUM/seed_363.jsonl,HUM,baseline,363,0,NONE,0,377,512,0,NONE,,,
exp_vnext_ollama_512/runs_500_hum_sensitive_baseline/baseline/HUM/seed_364.jsonl,HUM,baseline,364,0,NONE,0,344,512,0,NONE,,,
exp_vnext_ollama_512/runs_500_hum_sensitive_baseline/baseline/HUM/seed_365.jsonl,HUM,baseline,365,0,NONE,0,392,512,0,NONE,,,
exp_vnext_ollama_512/runs_500_hum_sensitive_baseline/baseline/HUM/seed_366.jsonl,HUM,baseline,366,0,NONE,0,422,512,0,NONE,,,
exp_vnext_ollama_512/runs_500_hum_sensitive_baseline/baseline/HUM/seed_367.jsonl,HUM,baseline,367,0,NONE,0,365,512,0,NONE,,,
exp_vnext_ollama_512/runs_500_hum_sensitive_baseline/baseline/HUM/seed_368.jsonl,HUM,baseline,368,1,REP,0,232,369,0,NONE,,,
exp_vnext_ollama_512/runs_500_hum_sensitive_baseline/baseline/HUM/seed_369.jsonl,HUM,baseline,369,0,NONE,0,384,512,0,NONE,,,
exp_vnext_ollama_512/runs_500_hum_sensitive_baseline/baseline/HUM/seed_370.jsonl,HUM,baseline,370,0,NONE,0,409,512,0,NONE,,,
exp_vnext_ollama_512/runs_500_hum_sensitive_baseline/baseline/HUM/seed_371.jsonl,HUM,baseline,371,0,NONE,0,389,512,0,NONE,,,
exp_vnext_ollama_512/runs_500_hum_sensitive_baseline/baseline/HUM/seed_372.jsonl,HUM,baseline,372,0,NONE,0,323,512,0,NONE,,,
exp_vnext_ollama_512/runs_500_hum_sensitive_baseline/baseline/HUM/seed_373.jsonl,HUM,baseline,373,0,NONE,0,415,512,0,NONE,,,
exp_vnext_ollama_512/runs_500_hum_sensitive_baseline/baseline/HUM/seed_374.jsonl,HUM,baseline,374,0,NONE,0,349,512,0,NONE,,,
exp_vnext_ollama_512/runs_500_hum_sensitive_baseline/baseline/HUM/seed_375.jsonl,HUM,baseline,375,0,NONE,0,389,512,0,NONE,,,
exp_vnext_ollama_512/runs_500_hum_sensitive_baseline/baseline/HUM/seed_376.jsonl,HUM,baseline,376,0,NONE,0,376,512,0,NONE,,,
exp_vnext_ollama_512/runs_500_hum_sensitive_baseline/baseline/HUM/seed_377.jsonl,HUM,baseline,377,1,REP,0,232,266,0,NONE,,,
exp_vnext_ollama_512/runs_500_hum_sensitive_baseline/baseline/HUM/seed_378.jsonl,HUM,baseline,378,0,NONE,0,317,512,0,NONE,,,
exp_vnext_ollama_512/runs_500_hum_sensitive_baseline/baseline/HUM/seed_379.jsonl,HUM,baseline,379,1,REP,0,271,320,0,NONE,,,
exp_vnext_ollama_512/runs_500_hum_sensitive_baseline/baseline/HUM/seed_380.jsonl,HUM,baseline,380,0,NONE,0,315,512,0,NONE,,,
exp_vnext_ollama_512/runs_500_hum_sensitive_baseline/baseline/HUM/seed_381.jsonl,HUM,baseline,381,0,NONE,0,377,512,0,NONE,,,
exp_vnext_ollama_512/runs_500_hum_sensitive_baseline/baseline/HUM/seed_382.jsonl,HUM,baseline,382,0,NONE,0,363,512,0,NONE,,,
exp_vnext_ollama_512/runs_500_hum_sensitive_baseline/baseline/HUM/seed_383.jsonl,HUM,baseline,383,0,NONE,0,347,512,0,NONE,,,
exp_vnext_ollama_512/runs_500_hum_sensitive_baseline/baseline/HUM/seed_384.jsonl,HUM,baseline,384,0,NONE,0,382,512,0,NONE,,,
exp_vnext_ollama_512/runs_500_hum_sensitive_baseline/baseline/HUM/seed_385.jsonl,HUM,baseline,385,0,NONE,0,403,512,0,NONE,,,
exp_vnext_ollama_512/runs_500_hum_sensitive_baseline/baseline/HUM/seed_386.jsonl,HUM,baseline,386,0,NONE,0,301,512,0,NONE,,,
exp_vnext_ollama_512/runs_500_hum_sensitive_baseline/baseline/HUM/seed_387.jsonl,HUM,baseline,387,0,NONE,0,343,512,0,NONE,,,
exp_vnext_ollama_512/runs_500_hum_sensitive_baseline/baseline/HUM/seed_388.jsonl,HUM,baseline,388,0,NONE,0,376,512,0,NONE,,,
exp_vnext_ollama_512/runs_500_hum_sensitive_baseline/baseline/HUM/seed_389.jsonl,HUM,baseline,389,0,NONE,0,366,512,0,NONE,,,
exp_vnext_ollama_512/runs_500_hum_sensitive_baseline/baseline/HUM/seed_390.jsonl,HUM,baseline,390,0,NONE,0,369,512,0,NONE,,,
exp_vnext_ollama_512/runs_500_hum_sensitive_baseline/baseline/HUM/seed_391.jsonl,HUM,baseline,391,0,NONE,0,401,512,0,NONE,,,
exp_vnext_ollama_512/runs_500_hum_sensitive_baseline/baseline/HUM/seed_392.jsonl,HUM,baseline,392,0,NONE,0,380,512,0,NONE,,,
exp_vnext_ollama_512/runs_500_hum_sensitive_baseline/baseline/HUM/seed_393.jsonl,HUM,baseline,393,0,NONE,0,378,512,0,NONE,,,
exp_vnext_ollama_512/runs_500_hum_sensitive_baseline/baseline/HUM/seed_394.jsonl,HUM,baseline,394,0,NONE,0,365,512,0,NONE,,,
exp_vnext_ollama_512/runs_500_hum_sensitive_baseline/baseline/HUM/seed_395.jsonl,HUM,baseline,395,0,NONE,0,292,512,0,NONE,,,
exp_vnext_ollama_512/runs_500_hum_sensitive_baseline/baseline/HUM/seed_396.jsonl,HUM,baseline,396,0,NONE,0,392,512,0,NONE,,,
exp_vnext_ollama_512/runs_500_hum_sensitive_baseline/baseline/HUM/seed_397.jsonl,HUM,baseline,397,0,NONE,0,358,512,0,NONE,,,
exp_vnext_ollama_512/runs_500_hum_sensitive_baseline/baseline/HUM/seed_398.jsonl,HUM,baseline,398,0,NONE,0,325,512,0,NONE,,,
exp_vnext_ollama_512/runs_500_hum_sensitive_baseline/baseline/HUM/seed_399.jsonl,HUM,baseline,399,1,REP,0,355,466,0,NONE,,,
exp_vnext_ollama_512/runs_500_hum_sensitive_baseline/baseline/HUM/seed_400.jsonl,HUM,baseline,400,0,NONE,0,393,512,0,NONE,,,
exp_vnext_ollama_512/runs_500_hum_sensitive_baseline/baseline/HUM/seed_401.jsonl,HUM,baseline,401,1,REP,0,343,396,0,NONE,,,
exp_vnext_ollama_512/runs_500_hum_sensitive_baseline/baseline/HUM/seed_402.jsonl,HUM,baseline,402,1,REP,0,296,440,0,NONE,,,
exp_vnext_ollama_512/runs_500_hum_sensitive_baseline/baseline/HUM/seed_403.jsonl,HUM,baseline,403,0,NONE,0,344,512,0,NONE,,,
exp_vnext_ollama_512/runs_500_hum_sensitive_baseline/baseline/HUM/seed_404.jsonl,HUM,baseline,404,0,NONE,0,330,512,0,NONE,,,
exp_vnext_ollama_512/runs_500_hum_sensitive_baseline/baseline/HUM/seed_405.jsonl,HUM,baseline,405,0,NONE,0,401,512,0,NONE,,,
exp_vnext_ollama_512/runs_500_hum_sensitive_baseline/baseline/HUM/seed_406.jsonl,HUM,baseline,406,0,NONE,0,365,512,0,NONE,,,
exp_vnext_ollama_512/runs_500_hum_sensitive_baseline/baseline/HUM/seed_407.jsonl,HUM,baseline,407,0,NONE,0,348,512,0,NONE,,,
exp_vnext_ollama_512/runs_500_hum_sensitive_baseline/baseline/HUM/seed_408.jsonl,HUM,baseline,408,1,REP,0,156,240,0,NONE,,,
exp_vnext_ollama_512/runs_500_hum_sensitive_baseline/baseline/HUM/seed_409.jsonl,HUM,baseline,409,0,NONE,0,350,512,0,NONE,,,
exp_vnext_ollama_512/runs_500_hum_sensitive_baseline/baseline/HUM/seed_410.jsonl,HUM,baseline,410,0,NONE,0,409,512,0,NONE,,,
exp_vnext_ollama_512/runs_500_hum_sensitive_baseline/baseline/HUM/seed_411.jsonl,HUM,baseline,411,0,NONE,0,391,512,0,NONE,,,
exp_vnext_ollama_512/runs_500_hum_sensitive_baseline/baseline/HUM/seed_412.jsonl,HUM,baseline,412,0,NONE,0,347,512,0,NONE,,,
exp_vnext_ollama_512/runs_500_hum_sensitive_baseline/baseline/HUM/seed_413.jsonl,HUM,baseline,413,0,NONE,0,366,512,0,NONE,,,
exp_vnext_ollama_512/runs_500_hum_sensitive_baseline/baseline/HUM/seed_414.jsonl,HUM,baseline,414,0,NONE,0,379,512,0,NONE,,,
exp_vnext_ollama_512/runs_500_hum_sensitive_baseline/baseline/HUM/seed_415.jsonl,HUM,baseline,415,0,NONE,0,403,512,0,NONE,,,
exp_vnext_ollama_512/runs_500_hum_sensitive_baseline/baseline/HUM/seed_416.jsonl,HUM,baseline,416,0,NONE,0,361,512,0,NONE,,,
exp_vnext_ollama_512/runs_500_hum_sensitive_baseline/baseline/HUM/seed_417.jsonl,HUM,baseline,417,0,NONE,0,428,512,0,NONE,,,
exp_vnext_ollama_512/runs_500_hum_sensitive_baseline/baseline/HUM/seed_418.jsonl,HUM,baseline,418,0,NONE,0,279,512,0,NONE,,,
exp_vnext_ollama_512/runs_500_hum_sensitive_baseline/baseline/HUM/seed_419.jsonl,HUM,baseline,419,1,REP,0,330,367,0,NONE,,,
exp_vnext_ollama_512/runs_500_hum_sensitive_baseline/baseline/HUM/seed_420.jsonl,HUM,baseline,420,0,NONE,0,339,512,0,NONE,,,
exp_vnext_ollama_512/runs_500_hum_sensitive_baseline/baseline/HUM/seed_421.jsonl,HUM,baseline,421,0,NONE,0,391,512,0,NONE,,,
exp_vnext_ollama_512/runs_500_hum_sensitive_baseline/baseline/HUM/seed_422.jsonl,HUM,baseline,422,0,NONE,0,374,512,0,NONE,,,
exp_vnext_ollama_512/runs_500_hum_sensitive_baseline/baseline/HUM/seed_423.jsonl,HUM,baseline,423,0,NONE,0,347,512,0,NONE,,,
exp_vnext_ollama_512/runs_500_hum_sensitive_baseline/baseline/HUM/seed_424.jsonl,HUM,baseline,424,0,NONE,0,393,512,0,NONE,,,
exp_vnext_ollama_512/runs_500_hum_sensitive_baseline/baseline/HUM/seed_425.jsonl,HUM,baseline,425,0,NONE,0,408,512,0,NONE,,,
exp_vnext_ollama_512/runs_500_hum_sensitive_baseline/baseline/HUM/seed_426.jsonl,HUM,baseline,426,0,NONE,0,365,512,0,NONE,,,
exp_vnext_ollama_512/runs_500_hum_sensitive_baseline/baseline/HUM/seed_427.jsonl,HUM,baseline,427,1,REP,0,328,448,0,NONE,,,
exp_vnext_ollama_512/runs_500_hum_sensitive_baseline/baseline/HUM/seed_428.jsonl,HUM,baseline,428,0,NONE,0,380,512,0,NONE,,,
exp_vnext_ollama_512/runs_500_hum_sensitive_baseline/baseline/HUM/seed_429.jsonl,HUM,baseline,429,0,NONE,0,380,512,0,NONE,,,
exp_vnext_ollama_512/runs_500_hum_sensitive_baseline/baseline/HUM/seed_430.jsonl,HUM,baseline,430,0,NONE,0,411,512,0,NONE,,,
exp_vnext_ollama_512/runs_500_hum_sensitive_baseline/baseline/HUM/seed_431.jsonl,HUM,baseline,431,0,NONE,0,350,512,0,NONE,,,
exp_vnext_ollama_512/runs_500_hum_sensitive_baseline/baseline/HUM/seed_432.jsonl,HUM,baseline,432,0,NONE,0,407,512,0,NONE,,,
exp_vnext_ollama_512/runs_500_hum_sensitive_baseline/baseline/HUM/seed_433.jsonl,HUM,baseline,433,1,REP,0,259,398,0,NONE,,,
exp_vnext_ollama_512/runs_500_hum_sensitive_baseline/baseline/HUM/seed_434.jsonl,HUM,baseline,434,0,NONE,0,437,512,0,NONE,,,
exp_vnext_ollama_512/runs_500_hum_sensitive_baseline/baseline/HUM/seed_435.jsonl,HUM,baseline,435,0,NONE,0,287,512,0,NONE,,,
exp_vnext_ollama_512/runs_500_hum_sensitive_baseline/baseline/HUM/seed_436.jsonl,HUM,baseline,436,0,NONE,0,387,512,0,NONE,,,
exp_vnext_ollama_512/runs_500_hum_sensitive_baseline/baseline/HUM/seed_437.jsonl,HUM,baseline,437,0,NONE,0,377,512,0,NONE,,,
exp_vnext_ollama_512/runs_500_hum_sensitive_baseline/baseline/HUM/seed_438.jsonl,HUM,baseline,438,0,NONE,0,293,512,0,NONE,,,
exp_vnext_ollama_512/runs_500_hum_sensitive_baseline/baseline/HUM/seed_439.jsonl,HUM,baseline,439,0,NONE,0,376,512,0,NONE,,,
exp_vnext_ollama_512/runs_500_hum_sensitive_baseline/baseline/HUM/seed_440.jsonl,HUM,baseline,440,0,NONE,0,359,512,0,NONE,,,
exp_vnext_ollama_512/runs_500_hum_sensitive_baseline/baseline/HUM/seed_441.jsonl,HUM,baseline,441,1,REP,0,113,136,0,NONE,,,
exp_vnext_ollama_512/runs_500_hum_sensitive_baseline/baseline/HUM/seed_442.jsonl,HUM,baseline,442,0,NONE,0,366,512,0,NONE,,,
exp_vnext_ollama_512/runs_500_hum_sensitive_baseline/baseline/HUM/seed_443.jsonl,HUM,baseline,443,0,NONE,0,335,512,0,NONE,,,
exp_vnext_ollama_512/runs_500_hum_sensitive_baseline/baseline/HUM/seed_444.jsonl,HUM,baseline,444,0,NONE,0,332,512,0,NONE,,,
exp_vnext_ollama_512/runs_500_hum_sensitive_baseline/baseline/HUM/seed_445.jsonl,HUM,baseline,445,0,NONE,0,390,512,0,NONE,,,
exp_vnext_ollama_512/runs_500_hum_sensitive_baseline/baseline/HUM/seed_446.jsonl,HUM,baseline,446,0,NONE,0,353,512,0,NONE,,,
exp_vnext_ollama_512/runs_500_hum_sensitive_baseline/baseline/HUM/seed_447.jsonl,HUM,baseline,447,0,NONE,0,381,512,0,NONE,,,
exp_vnext_ollama_512/runs_500_hum_sensitive_baseline/baseline/HUM/seed_448.jsonl,HUM,baseline,448,1,REP,0,231,313,0,NONE,,,
exp_vnext_ollama_512/runs_500_hum_sensitive_baseline/baseline/HUM/seed_449.jsonl,HUM,baseline,449,0,NONE,0,345,512,0,NONE,,,
exp_vnext_ollama_512/runs_500_hum_sensitive_baseline/baseline/HUM/seed_450.jsonl,HUM,baseline,450,0,NONE,0,404,512,0,NONE,,,
exp_vnext_ollama_512/runs_500_hum_sensitive_baseline/baseline/HUM/seed_451.jsonl,HUM,baseline,451,0,NONE,0,385,512,0,NONE,,,
exp_vnext_ollama_512/runs_500_hum_sensitive_baseline/baseline/HUM/seed_452.jsonl,HUM,baseline,452,0,NONE,0,320,512,0,NONE,,,
exp_vnext_ollama_512/runs_500_hum_sensitive_baseline/baseline/HUM/seed_453.jsonl,HUM,baseline,453,0,NONE,0,392,512,0,NONE,,,
exp_vnext_ollama_512/runs_500_hum_sensitive_baseline/baseline/HUM/seed_454.jsonl,HUM,baseline,454,0,NONE,0,376,512,0,NONE,,,
exp_vnext_ollama_512/runs_500_hum_sensitive_baseline/baseline/HUM/seed_455.jsonl,HUM,baseline,455,0,NONE,0,417,512,0,NONE,,,
exp_vnext_ollama_512/runs_500_hum_sensitive_baseline/baseline/HUM/seed_456.jsonl,HUM,baseline,456,0,NONE,0,380,512,0,NONE,,,
exp_vnext_ollama_512/runs_500_hum_sensitive_baseline/baseline/HUM/seed_457.jsonl,HUM,baseline,457,0,NONE,0,461,512,0,NONE,,,
exp_vnext_ollama_512/runs_500_hum_sensitive_baseline/baseline/HUM/seed_458.jsonl,HUM,baseline,458,0,NONE,0,331,512,0,NONE,,,
exp_vnext_ollama_512/runs_500_hum_sensitive_baseline/baseline/HUM/seed_459.jsonl,HUM,baseline,459,1,REP,0,223,306,0,NONE,,,
exp_vnext_ollama_512/runs_500_hum_sensitive_baseline/baseline/HUM/seed_460.jsonl,HUM,baseline,460,0,NONE,0,367,512,0,NONE,,,
exp_vnext_ollama_512/runs_500_hum_sensitive_baseline/baseline/HUM/seed_461.jsonl,HUM,baseline,461,0,NONE,0,389,512,0,NONE,,,
exp_vnext_ollama_512/runs_500_hum_sensitive_baseline/baseline/HUM/seed_462.jsonl,HUM,baseline,462,0,NONE,0,359,512,0,NONE,,,
exp_vnext_ollama_512/runs_500_hum_sensitive_baseline/baseline/HUM/seed_463.jsonl,HUM,baseline,463,0,NONE,0,367,512,0,NONE,,,
exp_vnext_ollama_512/runs_500_hum_sensitive_baseline/baseline/HUM/seed_464.jsonl,HUM,baseline,464,0,NONE,0,431,512,0,NONE,,,
exp_vnext_ollama_512/runs_500_hum_sensitive_baseline/baseline/HUM/seed_465.jsonl,HUM,baseline,465,0,NONE,0,409,512,0,NONE,,,
exp_vnext_ollama_512/runs_500_hum_sensitive_baseline/baseline/HUM/seed_466.jsonl,HUM,baseline,466,0,NONE,0,397,512,0,NONE,,,
exp_vnext_ollama_512/runs_500_hum_sensitive_baseline/baseline/HUM/seed_467.jsonl,HUM,baseline,467,0,NONE,0,325,512,0,NONE,,,
exp_vnext_ollama_512/runs_500_hum_sensitive_baseline/baseline/HUM/seed_468.jsonl,HUM,baseline,468,0,NONE,0,389,512,0,NONE,,,
exp_vnext_ollama_512/runs_500_hum_sensitive_baseline/baseline/HUM/seed_469.jsonl,HUM,baseline,469,1,REP,0,303,384,0,NONE,,,
exp_vnext_ollama_512/runs_500_hum_sensitive_baseline/baseline/HUM/seed_470.jsonl,HUM,baseline,470,0,NONE,0,368,512,0,NONE,,,
exp_vnext_ollama_512/runs_500_hum_sensitive_baseline/baseline/HUM/seed_471.jsonl,HUM,baseline,471,0,NONE,0,382,512,0,NONE,,,
exp_vnext_ollama_512/runs_500_hum_sensitive_baseline/baseline/HUM/seed_472.jsonl,HUM,baseline,472,0,NONE,0,424,512,0,NONE,,,
exp_vnext_ollama_512/runs_500_hum_sensitive_baseline/baseline/HUM/seed_473.jsonl,HUM,baseline,473,1,REP,0,405,498,0,NONE,,,
exp_vnext_ollama_512/runs_500_hum_sensitive_baseline/baseline/HUM/seed_474.jsonl,HUM,baseline,474,0,NONE,0,387,512,0,NONE,,,
exp_vnext_ollama_512/runs_500_hum_sensitive_baseline/baseline/HUM/seed_475.jsonl,HUM,baseline,475,0,NONE,0,357,512,0,NONE,,,
exp_vnext_ollama_512/runs_500_hum_sensitive_baseline/baseline/HUM/seed_476.jsonl,HUM,baseline,476,0,NONE,0,437,512,0,NONE,,,
exp_vnext_ollama_512/runs_500_hum_sensitive_baseline/baseline/HUM/seed_477.jsonl,HUM,baseline,477,0,NONE,0,351,512,0,NONE,,,
exp_vnext_ollama_512/runs_500_hum_sensitive_baseline/baseline/HUM/seed_478.jsonl,HUM,baseline,478,0,NONE,0,359,512,0,NONE,,,
exp_vnext_ollama_512/runs_500_hum_sensitive_baseline/baseline/HUM/seed_479.jsonl,HUM,baseline,479,1,REP,0,272,365,0,NONE,,,
exp_vnext_ollama_512/runs_500_hum_sensitive_baseline/baseline/HUM/seed_480.jsonl,HUM,baseline,480,0,NONE,0,377,512,0,NONE,,,
exp_vnext_ollama_512/runs_500_hum_sensitive_baseline/baseline/HUM/seed_481.jsonl,HUM,baseline,481,1,REP,0,373,435,0,NONE,,,
exp_vnext_ollama_512/runs_500_hum_sensitive_baseline/baseline/HUM/seed_482.jsonl,HUM,baseline,482,0,NONE,0,350,512,0,NONE,,,
exp_vnext_ollama_512/runs_500_hum_sensitive_baseline/baseline/HUM/seed_483.jsonl,HUM,baseline,483,0,NONE,0,373,512,0,NONE,,,
exp_vnext_ollama_512/runs_500_hum_sensitive_baseline/baseline/HUM/seed_484.jsonl,HUM,baseline,484,0,NONE,0,316,512,0,NONE,,,
exp_vnext_ollama_512/runs_500_hum_sensitive_baseline/baseline/HUM/seed_485.jsonl,HUM,baseline,485,0,NONE,0,369,512,0,NONE,,,
exp_vnext_ollama_512/runs_500_hum_sensitive_baseline/baseline/HUM/seed_486.jsonl,HUM,baseline,486,0,NONE,0,403,512,0,NONE,,,
exp_vnext_ollama_512/runs_500_hum_sensitive_baseline/baseline/HUM/seed_487.jsonl,HUM,baseline,487,0,NONE,0,366,512,0,NONE,,,
exp_vnext_ollama_512/runs_500_hum_sensitive_baseline/baseline/HUM/seed_488.jsonl,HUM,baseline,488,1,REP,0,220,320,0,NONE,,,
exp_vnext_ollama_512/runs_500_hum_sensitive_baseline/baseline/HUM/seed_489.jsonl,HUM,baseline,489,0,NONE,0,353,512,0,NONE,,,
exp_vnext_ollama_512/runs_500_hum_sensitive_baseline/baseline/HUM/seed_490.jsonl,HUM,baseline,490,0,NONE,0,382,512,0,NONE,,,
exp_vnext_ollama_512/runs_500_hum_sensitive_baseline/baseline/HUM/seed_491.jsonl,HUM,baseline,491,0,NONE,0,353,512,0,NONE,,,
exp_vnext_ollama_512/runs_500_hum_sensitive_baseline/baseline/HUM/seed_492.jsonl,HUM,baseline,492,0,NONE,0,328,512,0,NONE,,,
exp_vnext_ollama_512/runs_500_hum_sensitive_baseline/baseline/HUM/seed_493.jsonl,HUM,baseline,493,0,NONE,0,382,512,0,NONE,,,
exp_vnext_ollama_512/runs_500_hum_sensitive_baseline/baseline/HUM/seed_494.jsonl,HUM,baseline,494,0,NONE,0,384,512,0,NONE,,,
exp_vnext_ollama_512/runs_500_hum_sensitive_baseline/baseline/HUM/seed_495.jsonl,HUM,baseline,495,1,REP,0,176,211,0,NONE,,,
exp_vnext_ollama_512/runs_500_hum_sensitive_baseline/baseline/HUM/seed_496.jsonl,HUM,baseline,496,0,NONE,0,350,512,0,NONE,,,
exp_vnext_ollama_512/runs_500_hum_sensitive_baseline/baseline/HUM/seed_497.jsonl,HUM,baseline,497,1,REP,0,94,130,0,NONE,,,
exp_vnext_ollama_512/runs_500_hum_sensitive_baseline/baseline/HUM/seed_498.jsonl,HUM,baseline,498,0,NONE,0,313,512,0,NONE,,,
exp_vnext_ollama_512/runs_500_hum_sensitive_baseline/baseline/HUM/seed_499.jsonl,HUM,baseline,499,1,REP,0,253,300,0,NONE,,,
